success,completion_time,mission_progress,order,heading_accuracy,cluster_velocity_ratio,min_distance_mean,min_distance_overall,collisions,safety_breaches,swarm_radius,mean_pair_distance,fragmented_fraction,isolated_fraction,fragmented_at_end,election_time,unique_leader_fraction,post_arrival_breaches,single_leader_at_end,leader_changes,experiment,variant,informed_fraction,seed,recognition_precision,recognition_recall,recovery_time,vanish_events
True,1337.0000,0.9800,0.8667,0.9469,0.4891,8.9124,5.0000,0,0,110.0023,47.4198,0.5456,0.0000,False,46.0000,0.2907,0.0000,True,20,crash,vanish detection,0.3000,0,0.8697,0.8358,73.0000,14.0000
True,1303.0000,0.9798,0.8840,0.9393,0.5139,8.1379,5.0000,0,0,42.9349,32.1542,0.0000,0.0000,False,339.0000,0.7370,0.0000,True,19,crash,vanish detection,0.3000,1,0.6986,0.9500,39.0000,14.0000
True,1324.0000,0.9886,0.8665,0.9003,0.5388,8.2071,5.0000,0,0,55.0063,35.0869,0.0000,0.0000,False,347.0000,0.7162,0.0000,True,16,crash,vanish detection,0.3000,2,0.7234,0.9196,47.0000,16.0000
True,1256.0000,0.9825,0.8561,0.9493,0.5257,8.5102,5.0000,0,0,69.4511,40.2304,0.0000,0.0000,False,22.0000,0.2418,0.0000,True,19,crash,vanish detection,0.3000,3,0.8310,0.9379,156.0000,16.0000
True,1367.0000,0.9764,0.8662,0.8988,0.4996,9.0797,5.0000,0,0,50.1316,36.1680,0.0000,0.0000,False,336.0000,0.7485,0.0000,True,16,crash,vanish detection,0.3000,4,0.7107,0.8509,36.0000,15.0000
False,,0.9127,0.4504,0.6611,0.3690,9.8727,5.0000,0,0,282.7851,247.1771,0.7393,0.0000,True,369.0000,0.7193,,True,24,crash,vanish detection,0.3000,5,0.5700,0.9037,69.0000,11.0000
True,1336.0000,0.9668,0.8891,0.9445,0.4860,8.7388,5.0000,0,0,45.5237,34.9327,0.0000,0.0000,False,398.0000,0.6731,0.0000,True,24,crash,vanish detection,0.3000,6,0.8838,0.9665,98.0000,25.0000
True,2119.0000,0.9981,0.5317,0.7715,0.3832,9.0913,5.0000,0,0,262.7801,201.0043,0.7991,0.0000,False,53.0000,0.4877,0.0000,True,17,crash,vanish detection,0.3000,7,0.7092,0.9210,121.0000,8.0000
True,1333.0000,0.9747,0.8967,0.9370,0.5009,8.2918,5.0000,0,0,35.8187,29.6380,0.0000,0.0000,False,348.0000,0.7354,0.0000,True,17,crash,vanish detection,0.3000,8,0.8749,0.8541,48.0000,19.0000
True,1414.0000,0.9806,0.8675,0.9263,0.4814,9.3044,3.9975,0,32,48.7991,35.9956,0.0000,0.0000,False,762.0000,0.4657,0.0000,True,13,crash,vanish detection,0.3000,9,0.7970,0.7566,462.0000,0.0000
True,1224.0000,0.9833,0.8471,0.9108,0.5782,8.9927,5.0000,0,0,65.0956,39.8244,0.0000,0.0000,False,46.0000,0.5053,0.0000,True,15,crash,no vanish detection,0.3000,0,0.8070,0.9629,361.0000,0.0000
True,1275.0000,0.9708,0.8882,0.9711,0.5032,8.9930,5.0000,0,0,41.8466,32.7866,0.0000,0.0000,False,735.0000,0.4248,0.0000,True,9,crash,no vanish detection,0.3000,1,0.8477,0.9622,435.0000,0.0000
True,1254.0000,0.9673,0.8766,0.9483,0.5183,8.7365,5.0000,0,0,40.9606,31.6090,0.0000,0.0000,False,719.0000,0.4558,0.0000,True,9,crash,no vanish detection,0.3000,2,0.7554,0.9665,419.0000,0.0000
True,1292.0000,0.9738,0.8663,0.9623,0.5003,9.3924,5.0000,0,0,44.9226,34.6469,0.0000,0.0000,False,22.0000,0.4857,0.0000,True,11,crash,no vanish detection,0.3000,3,0.8671,0.8863,437.0000,0.0000
True,1171.0000,0.9797,0.8933,0.9547,0.5555,8.6318,5.0000,0,0,43.0474,31.4765,0.0000,0.0000,False,670.0000,0.4608,0.0000,True,11,crash,no vanish detection,0.3000,4,0.8664,0.9696,370.0000,0.0000
True,1377.0000,0.9685,0.8500,0.8747,0.5487,9.3941,5.0000,0,0,42.0911,33.2346,0.0000,0.0000,False,,0.0145,9.0000,False,15,crash,no vanish detection,0.3000,5,0.1719,0.6120,,0.0000
True,1214.0000,0.9766,0.8659,0.9160,0.5644,9.4532,5.0000,0,0,58.4517,39.4473,0.0000,0.0000,False,650.0000,0.4765,0.0000,True,11,crash,no vanish detection,0.3000,6,0.8033,0.9634,350.0000,0.0000
True,1138.0000,0.9749,0.8835,0.9684,0.5652,8.6648,5.0000,0,0,87.8435,48.0189,0.5373,0.0000,False,53.0000,0.0342,0.0000,True,12,crash,no vanish detection,0.3000,7,0.9148,0.9692,890.0000,0.0000
True,1305.0000,0.9765,0.8903,0.9556,0.5012,8.7888,5.0000,0,0,41.3368,32.1573,0.0000,0.0000,False,729.0000,0.4541,0.0000,True,10,crash,no vanish detection,0.3000,8,0.7857,0.8638,429.0000,0.0000
True,1414.0000,0.9806,0.8675,0.9263,0.4814,9.3044,3.9975,0,32,48.7991,35.9956,0.0000,0.0000,False,762.0000,0.4657,0.0000,True,13,crash,no vanish detection,0.3000,9,0.7970,0.7566,462.0000,0.0000
True,2264.0000,0.9738,0.4935,0.8338,0.3567,9.6566,5.0000,0,0,270.3506,187.0429,0.6071,0.0000,False,81.0000,0.9073,0.0000,True,19,recognition,follow,0.0000,0,0.8081,0.9291,,
True,1412.0000,0.9867,0.8401,0.9320,0.4751,8.8606,5.0000,0,0,55.8858,35.7437,0.0000,0.0000,False,71.0000,0.9193,0.0000,True,11,recognition,follow,0.0000,1,0.8382,0.8679,,
True,1326.0000,0.9772,0.8924,0.9701,0.4895,8.6003,5.0000,0,0,37.8755,30.8123,0.0000,0.0000,False,75.0000,0.9179,0.0000,True,12,recognition,follow,0.0000,2,0.8787,0.8594,,
True,1396.0000,0.9786,0.8786,0.9217,0.5025,8.3152,5.0000,0,0,41.6050,32.1693,0.0000,0.0000,False,72.0000,0.9170,0.0000,True,12,recognition,follow,0.0000,3,0.8654,0.9347,,
True,1292.0000,0.9871,0.8754,0.9448,0.5161,8.0124,5.0000,0,0,43.3992,33.1782,0.0000,0.0000,False,47.0000,0.8933,0.0000,True,15,recognition,follow,0.0000,4,0.7991,0.9534,,
True,1290.0000,0.9902,0.9026,0.9730,0.5073,8.2698,5.0000,0,0,41.7730,32.0809,0.0000,0.0000,False,84.0000,0.9101,0.0000,True,19,recognition,follow,0.0000,5,0.9279,0.9613,,
True,1393.0000,0.9826,0.8585,0.9295,0.4972,8.8547,5.0000,0,0,43.6216,33.9326,0.0000,0.0000,False,43.0000,0.9290,0.0000,True,14,recognition,follow,0.0000,6,0.8736,0.8591,,
True,1378.0000,0.9763,0.8432,0.9628,0.4698,9.5302,5.0000,0,0,44.2311,34.3979,0.0000,0.0000,False,70.0000,0.9239,0.0000,True,15,recognition,follow,0.0000,7,0.9063,0.7380,,
True,1327.0000,0.9701,0.8769,0.9522,0.4907,8.2188,5.0000,0,0,39.3934,31.2448,0.0000,0.0000,False,290.0000,0.7492,0.0000,True,15,recognition,follow,0.0000,8,0.8184,0.8537,,
True,1310.0000,0.9753,0.9150,0.9529,0.5005,8.3532,5.0000,0,0,39.1446,30.5316,0.0000,0.0000,False,87.0000,0.9085,0.0000,True,14,recognition,follow,0.0000,9,0.8553,0.9448,,
True,1605.0000,0.9753,0.7787,0.9109,0.4286,10.2812,5.0000,0,0,66.8593,45.2919,0.0000,0.0000,False,1366.0000,0.1513,0.0000,True,14,recognition,off,0.0000,0,,,,
True,1578.0000,0.9827,0.7911,0.8857,0.4582,10.4650,5.0000,0,0,78.1350,51.5623,0.1628,0.0000,False,1343.0000,0.1495,0.0000,True,11,recognition,off,0.0000,1,,,,
True,1639.0000,0.9765,0.7294,0.8958,0.4224,10.3878,5.0000,0,0,69.6257,46.0179,0.0823,0.0000,False,1384.0000,0.1585,0.0000,True,11,recognition,off,0.0000,2,,,,
True,1611.0000,0.9894,0.7557,0.9203,0.4212,10.9547,5.0000,0,0,73.7630,45.4367,0.1718,0.0000,False,33.0000,0.5943,0.0000,True,13,recognition,off,0.0000,3,,,,
True,1971.0000,0.9764,0.7574,0.8154,0.3941,10.5696,5.0000,0,0,69.4816,45.1178,0.0259,0.0000,False,1213.0000,0.3874,0.0000,True,12,recognition,off,0.0000,4,,,,
False,,0.8745,0.4439,0.7450,0.2556,10.9545,5.0000,0,0,325.4622,241.6253,0.7600,0.0000,True,1585.0000,0.4730,,True,14,recognition,off,0.0000,5,,,,
False,,0.3949,0.6629,0.5816,0.6986,10.7366,5.0000,0,0,436.1713,175.2931,0.9197,0.0000,True,31.0000,0.8027,,True,11,recognition,off,0.0000,6,,,,
False,,0.8415,0.6049,0.5856,0.3386,10.7234,5.0000,0,0,170.0192,87.7303,0.5520,0.0000,True,1730.0000,0.4233,,True,11,recognition,off,0.0000,7,,,,
False,,0.9626,0.5297,0.6654,0.3876,10.6184,5.0000,0,0,245.2754,142.5419,0.4827,0.0000,False,1430.0000,0.5303,,True,16,recognition,off,0.0000,8,,,,
True,1463.0000,0.9772,0.7623,0.9211,0.4627,10.0813,5.0000,0,0,174.8072,75.1032,0.7186,0.0000,False,1296.0000,0.1168,0.0000,True,15,recognition,off,0.0000,9,,,,
True,1274.0000,0.9823,0.8912,0.9546,0.5124,8.6021,5.0000,0,0,68.6094,40.3630,0.4173,0.0000,False,89.0000,0.9129,0.0000,True,15,recognition,follow,0.3000,0,0.8630,0.9268,,
True,1352.0000,0.9783,0.8564,0.9571,0.4885,9.4961,5.0000,0,0,48.2825,36.2143,0.0000,0.0000,False,71.0000,0.9187,0.0000,True,13,recognition,follow,0.3000,1,0.8717,0.7451,,
True,1359.0000,0.9757,0.8793,0.9336,0.4896,8.3953,5.0000,0,0,48.8045,33.6751,0.0000,0.0000,False,81.0000,0.8147,0.0000,True,11,recognition,follow,0.3000,2,0.7030,0.9106,,
True,1282.0000,0.9683,0.9126,0.9650,0.5073,8.1017,5.0000,0,0,41.1079,31.6645,0.0000,0.0000,False,92.0000,0.8987,0.0000,True,14,recognition,follow,0.3000,3,0.8375,0.9724,,
True,1301.0000,0.9723,0.8841,0.9396,0.4983,8.5972,5.0000,0,0,52.9342,35.3423,0.0000,0.0000,False,72.0000,0.9255,0.0000,True,13,recognition,follow,0.3000,4,0.7932,0.9683,,
True,1290.0000,0.9886,0.8833,0.9589,0.5136,8.5084,5.0000,0,0,67.9364,41.9830,0.0240,0.0000,False,85.0000,0.4841,0.0000,True,18,recognition,follow,0.3000,5,0.8287,0.9132,,
False,,0.8996,0.6311,0.6623,0.3488,9.9378,5.0000,0,0,277.2115,146.9903,0.4820,0.0000,True,727.0000,0.7583,,True,13,recognition,follow,0.3000,6,0.8676,0.9084,,
True,1159.0000,0.9824,0.8125,0.8669,0.6459,8.7436,5.0000,0,0,137.9298,71.6384,0.4121,0.0000,False,89.0000,0.5629,0.0000,True,15,recognition,follow,0.3000,7,0.7356,0.9636,,
True,1408.0000,0.9818,0.8482,0.9538,0.4703,9.6465,5.0000,0,0,47.6002,35.2456,0.0000,0.0000,False,69.0000,0.9248,0.0000,True,13,recognition,follow,0.3000,8,0.5649,0.6363,,
True,2296.0000,0.9898,0.6842,0.7137,0.6291,9.8277,5.0000,0,0,82.7494,60.1947,0.2290,0.0000,False,66.0000,0.2782,0.0000,False,13,recognition,follow,0.3000,9,0.0500,0.0727,,
True,2416.0000,0.9849,0.7080,0.7370,0.3753,10.7443,5.0000,0,0,97.4195,53.0318,0.3111,0.0000,False,1316.0000,0.4609,0.0000,True,15,recognition,off,0.3000,0,,,,
True,1697.0000,0.9814,0.6975,0.8076,0.4468,9.9754,5.0000,0,0,77.8042,53.2683,0.1443,0.0000,False,715.0000,0.5819,0.0000,True,15,recognition,off,0.3000,1,,,,
True,1808.0000,0.9736,0.8171,0.8281,0.4275,10.0977,5.0000,0,0,61.2457,41.2750,0.0193,0.0000,False,1309.0000,0.2786,0.0000,True,12,recognition,off,0.3000,2,,,,
True,2224.0000,0.9771,0.7892,0.7860,0.3808,10.5381,5.0000,0,0,56.7295,39.2872,0.0342,0.0000,False,1309.0000,0.4126,0.0000,True,12,recognition,off,0.3000,3,,,,
True,1560.0000,0.9821,0.8332,0.9159,0.4395,9.9225,5.0000,0,0,50.0426,39.6147,0.0000,0.0000,False,738.0000,0.5343,0.0000,True,16,recognition,off,0.3000,4,,,,
False,,0.7605,0.6452,0.6296,0.3312,10.7605,5.0000,0,0,86.9122,62.7735,0.2683,0.0000,True,719.0000,0.7637,,True,12,recognition,off,0.3000,5,,,,
True,2161.0000,0.9829,0.7509,0.8081,0.3744,10.6566,5.0000,0,0,148.8712,61.1551,0.5759,0.0000,False,1309.0000,0.3955,0.0000,True,13,recognition,off,0.3000,6,,,,
True,1868.0000,0.9740,0.8077,0.8447,0.4033,10.9799,5.0000,0,0,81.3583,49.9613,0.2755,0.0000,False,1207.0000,0.3542,0.0000,True,11,recognition,off,0.3000,7,,,,
False,,0.7795,0.6247,0.6417,0.4031,10.6818,5.0000,0,0,183.1946,150.5139,0.4490,0.0000,True,727.0000,0.7593,,True,12,recognition,off,0.3000,8,,,,
True,1457.0000,0.9699,0.8349,0.9476,0.4491,9.9327,5.0000,0,0,49.3870,38.4265,0.0000,0.0000,False,731.0000,0.5007,0.0000,True,16,recognition,off,0.3000,9,,,,
