informed_fraction,method,seed,success,completion_time,mission_progress,order,heading_accuracy,cluster_velocity_ratio,min_distance_mean,min_distance_overall,collisions,safety_breaches,swarm_radius,mean_pair_distance,fragmented_fraction,isolated_fraction,fragmented_at_end,election_time,unique_leader_fraction,leader_changes,runtime_s
1.0000,cb-ele,0,True,1192.0000,0.9779,0.9008,0.9783,0.5379,10.7082,5.0000,0,0,62.2999,42.4752,0.0000,0.0000,False,72.0000,0.9288,11.0000,25.6020
1.0000,cb-ele,1,True,1268.0000,0.9779,0.8968,0.9776,0.5063,10.2842,5.0000,0,0,59.7961,41.2713,0.0000,0.0000,False,115.0000,0.9062,12.0000,24.0666
1.0000,cb-ele,2,True,1312.0000,0.9738,0.9123,0.9800,0.4872,10.5570,5.0000,0,0,47.4739,36.3615,0.0000,0.0000,False,100.0000,0.9254,12.0000,25.5322
1.0000,cb-ele,3,True,1085.0000,0.9778,0.8375,0.9261,0.6389,10.0273,5.0000,0,0,67.6981,43.3855,0.0718,0.0000,False,475.0000,0.5755,8.0000,24.6636
1.0000,cb-ele,4,True,1319.0000,0.9769,0.8906,0.9811,0.4846,10.3499,5.0000,0,0,46.6860,37.4197,0.0000,0.0000,False,92.0000,0.9030,17.0000,24.9358
1.0000,cb-ele,5,True,1339.0000,0.9739,0.8896,0.9855,0.4760,10.4564,5.0000,0,0,47.2578,37.4154,0.0000,0.0000,False,105.0000,0.9075,18.0000,24.3417
1.0000,cb-ele,6,True,1280.0000,0.9852,0.8341,0.9734,0.5062,10.4398,5.0000,0,0,109.3577,53.5021,0.5246,0.0000,False,76.0000,0.8142,17.0000,24.3034
1.0000,cb-ele,7,True,1303.0000,0.9708,0.9133,0.9805,0.4890,10.2899,5.0000,0,0,47.8241,37.5016,0.0000,0.0000,False,95.0000,0.9202,6.0000,24.3273
1.0000,cb-ele,8,True,1295.0000,0.9762,0.9029,0.9814,0.4945,10.3953,5.0000,0,0,49.9550,37.9586,0.0000,0.0000,False,91.0000,0.9236,11.0000,25.2585
1.0000,cb-ele,9,True,1309.0000,0.9721,0.9112,0.9834,0.4859,10.1152,5.0000,0,0,45.8079,37.7584,0.0000,0.0000,False,91.0000,0.9122,14.0000,24.3125
1.0000,cb-ele,10,True,1310.0000,0.9746,0.9090,0.9821,0.4873,10.1624,5.0000,0,0,43.6594,36.4497,0.0000,0.0000,False,5.0000,0.9420,13.0000,24.5670
1.0000,cb-ele,11,True,1203.0000,0.9716,0.9136,0.9819,0.5299,10.2648,5.0000,0,0,55.3945,40.0035,0.0000,0.0000,False,71.0000,0.9327,16.0000,24.9453
1.0000,cb-ele,12,True,1221.0000,0.9859,0.8320,0.9303,0.5656,9.9023,5.0000,0,0,80.9325,50.1356,0.0155,0.0000,False,43.0000,0.9239,13.0000,23.7668
1.0000,cb-ele,13,True,1253.0000,0.9860,0.8838,0.9718,0.5194,10.4512,5.0000,0,0,71.6304,46.0272,0.0614,0.0000,False,18.0000,0.9258,13.0000,24.6622
1.0000,cb-ele,14,True,1755.0000,0.9804,0.8237,0.9110,0.4292,10.2282,5.0000,0,0,66.0319,43.4449,0.1310,0.0000,False,1051.0000,0.4334,16.0000,23.6960
1.0000,cb-ele,15,True,1307.0000,0.9708,0.9041,0.9846,0.4854,10.2704,5.0000,0,0,48.9087,37.6703,0.0000,0.0000,False,79.0000,0.9090,15.0000,23.4809
1.0000,cb-ele,16,True,1168.0000,0.9873,0.8496,0.9571,0.5613,10.2461,5.0000,0,0,96.9961,52.5190,0.3011,0.0000,False,97.0000,0.8862,11.0000,23.2789
1.0000,cb-ele,17,True,1129.0000,0.9880,0.8924,0.9769,0.5756,10.4156,5.0000,0,0,70.5195,44.6249,0.0469,0.0000,False,73.0000,0.9558,11.0000,24.1599
1.0000,cb-ele,18,True,1345.0000,0.9740,0.8813,0.9798,0.4749,10.4349,5.0000,0,0,44.5486,37.8142,0.0000,0.0000,False,28.0000,0.9302,14.0000,23.2213
1.0000,cb-ele,19,True,1136.0000,0.9802,0.8773,0.9643,0.5710,9.3921,5.0000,0,0,69.5443,44.3578,0.1592,0.0000,False,5.0000,0.9639,9.0000,23.5748
1.0000,cb-ele,20,True,1203.0000,0.9820,0.8761,0.9733,0.5378,9.5755,5.0000,0,0,72.1977,46.2614,0.2018,0.0000,False,80.0000,0.9061,7.0000,23.3518
1.0000,cb-ele,21,True,1139.0000,0.9754,0.9001,0.9843,0.5604,10.0814,5.0000,0,0,54.6739,37.8934,0.0000,0.0000,False,58.0000,0.9237,13.0000,22.9133
1.0000,cb-ele,22,True,1329.0000,0.9719,0.9055,0.9831,0.4791,10.4357,5.0000,0,0,48.8084,38.3492,0.0000,0.0000,False,77.0000,0.9256,11.0000,22.8454
1.0000,cb-ele,23,True,1268.0000,0.9766,0.8994,0.9846,0.5044,10.2791,5.0000,0,0,60.5926,40.8009,0.0725,0.0000,False,90.0000,0.8676,15.0000,22.6362
1.0000,cb-ele,24,True,1261.0000,0.9720,0.9213,0.9810,0.5054,9.8794,5.0000,0,0,55.4851,41.3495,0.0000,0.0000,False,29.0000,0.9540,9.0000,25.0360
1.0000,cb-ele,25,True,1255.0000,0.9758,0.9072,0.9841,0.5098,10.3153,5.0000,0,0,51.7553,38.5703,0.0000,0.0000,False,58.0000,0.9268,11.0000,24.9917
1.0000,cb-ele,26,True,1404.0000,0.9850,0.8271,0.8913,0.5361,9.8541,5.0000,0,0,73.6953,44.5831,0.1345,0.0000,False,74.0000,0.9530,12.0000,24.9755
1.0000,cb-ele,27,True,1220.0000,0.9826,0.8584,0.9713,0.5295,10.3257,5.0000,0,0,122.4893,69.9306,0.5307,0.0000,False,9.0000,0.9664,10.0000,24.7302
1.0000,cb-ele,28,True,1104.0000,0.9855,0.8682,0.9656,0.5935,10.1411,5.0000,0,0,112.0343,58.8448,0.4235,0.0000,False,75.0000,0.8760,22.0000,24.6242
1.0000,cb-ele,29,True,1216.0000,0.9866,0.8557,0.9663,0.5370,10.4644,5.0000,0,0,93.8241,52.3187,0.3303,0.0000,False,88.0000,0.8743,12.0000,23.2354
1.0000,cb-ele,30,True,1316.0000,0.9777,0.8747,0.9440,0.5145,10.0069,5.0000,0,0,53.2037,39.1843,0.0000,0.0000,False,65.0000,0.9438,11.0000,24.3252
1.0000,cb-ele,31,True,1282.0000,0.9752,0.9076,0.9855,0.4978,10.7369,5.0000,0,0,52.8678,38.4035,0.0000,0.0000,False,64.0000,0.9392,9.0000,24.2480
1.0000,cb-ele,32,True,1309.0000,0.9752,0.8925,0.9769,0.4899,10.1985,5.0000,0,0,46.6941,36.7965,0.0000,0.0000,False,12.0000,0.9053,11.0000,23.7853
1.0000,cb-ele,33,True,1188.0000,0.9817,0.8818,0.9739,0.5446,9.7359,5.0000,0,0,51.9027,38.7852,0.0000,0.0000,False,79.0000,0.5492,12.0000,24.5757
1.0000,cb-ele,34,True,1244.0000,0.9776,0.7799,0.8822,0.5661,9.5506,5.0000,0,0,164.4374,81.0993,0.8000,0.0000,False,71.0000,0.9036,12.0000,23.5493
1.0000,cb-ele,35,True,1161.0000,0.9839,0.8736,0.9597,0.5630,10.5451,5.0000,0,0,93.6260,58.8914,0.0869,0.0000,False,56.0000,0.9329,11.0000,23.7302
1.0000,cb-ele,36,True,1224.0000,0.9708,0.9016,0.9821,0.5202,10.2348,5.0000,0,0,46.2638,36.8685,0.0000,0.0000,False,14.0000,0.5355,8.0000,22.3183
1.0000,cb-ele,37,True,1325.0000,0.9760,0.9057,0.9806,0.4836,10.1517,5.0000,0,0,45.1803,36.8291,0.0000,0.0000,False,70.0000,0.9367,13.0000,23.1088
1.0000,cb-ele,38,True,1232.0000,0.9770,0.8982,0.9800,0.5205,10.1757,5.0000,0,0,56.2941,39.7683,0.0000,0.0000,False,41.0000,0.9497,10.0000,22.9410
1.0000,cb-ele,39,True,1285.0000,0.9728,0.8977,0.9792,0.4968,10.2143,5.0000,0,0,53.3165,39.0886,0.0000,0.0000,False,33.0000,0.9549,15.0000,22.6219
1.0000,cb-ele,40,True,1232.0000,0.9754,0.8161,0.9551,0.5278,10.1977,5.0000,0,0,115.2923,60.8485,0.5807,0.0000,False,70.0000,0.7932,14.0000,24.0549
1.0000,cb-ele,41,True,1276.0000,0.9768,0.8764,0.9792,0.5015,10.2282,5.0000,0,0,60.2039,40.6869,0.1120,0.0000,False,83.0000,0.9280,14.0000,23.8064
1.0000,cb-ele,42,True,1302.0000,0.9770,0.8987,0.9836,0.4905,10.3615,5.0000,0,0,57.1135,39.8851,0.0000,0.0000,False,87.0000,0.9186,13.0000,23.9425
1.0000,cb-ele,43,True,1271.0000,0.9867,0.8858,0.9738,0.5097,10.4752,5.0000,0,0,63.6876,41.7342,0.0511,0.0000,False,79.0000,0.8947,10.0000,23.5879
1.0000,cb-ele,44,True,1055.0000,0.9762,0.8992,0.9798,0.6069,10.3132,5.0000,0,0,47.7392,38.2902,0.0000,0.0000,False,89.0000,0.5919,13.0000,22.6233
1.0000,cb-ele,45,True,1683.0000,0.9771,0.9031,0.9855,0.3799,10.6411,5.0000,0,0,50.8433,38.1864,0.0000,0.0000,False,65.0000,0.3705,12.0000,22.2437
1.0000,cb-ele,46,True,1325.0000,0.9747,0.9019,0.9805,0.4822,9.7420,5.0000,0,0,45.2258,36.0333,0.0000,0.0000,False,75.0000,0.8974,14.0000,22.4239
1.0000,cb-ele,47,True,1262.0000,0.9753,0.9056,0.9752,0.5070,10.4860,5.0000,0,0,55.8005,40.8583,0.0000,0.0000,False,729.0000,0.4481,10.0000,22.4386
1.0000,cb-ele,48,True,1219.0000,0.9768,0.9123,0.9831,0.5249,10.3636,5.0000,0,0,51.4875,39.5106,0.0000,0.0000,False,21.0000,0.9590,8.0000,23.0965
1.0000,cb-ele,49,True,1252.0000,0.9796,0.8969,0.9785,0.5133,10.4812,5.0000,0,0,69.7287,44.5017,0.0431,0.0000,False,103.0000,0.8667,10.0000,23.9448
1.0000,cb-ele,50,True,1310.0000,0.9746,0.9073,0.9871,0.4870,10.4557,5.0000,0,0,44.9848,36.7888,0.0000,0.0000,False,81.0000,0.9092,16.0000,24.6058
1.0000,cb-ele,51,True,1296.0000,0.9775,0.9077,0.9855,0.4939,10.5443,5.0000,0,0,59.9716,41.1555,0.0000,0.0000,False,15.0000,0.9445,9.0000,23.7429
1.0000,cb-ele,52,True,1234.0000,0.9845,0.8931,0.9728,0.5247,10.5166,5.0000,0,0,75.8222,47.3128,0.0000,0.0000,False,61.0000,0.9069,7.0000,24.4289
1.0000,cb-ele,53,True,1305.0000,0.9859,0.8883,0.9758,0.4968,10.5042,5.0000,0,0,72.6667,47.2850,0.0054,0.0000,False,62.0000,0.9104,11.0000,24.6672
1.0000,cb-ele,54,True,1268.0000,0.9775,0.9099,0.9845,0.5052,10.3813,5.0000,0,0,53.0093,39.1238,0.0000,0.0000,False,51.0000,0.9228,10.0000,25.7398
1.0000,cb-ele,55,True,1095.0000,0.9891,0.8711,0.9655,0.5958,10.2399,5.0000,0,0,92.2934,54.5117,0.0000,0.0000,False,5.0000,0.9398,13.0000,26.2670
1.0000,cb-ele,56,True,1355.0000,0.9837,0.9037,0.9629,0.4811,9.5502,5.0000,0,0,49.1810,37.3308,0.0000,0.0000,False,89.0000,0.9218,12.0000,24.6016
1.0000,cb-ele,57,True,1124.0000,0.9826,0.8776,0.9739,0.5743,10.4249,5.0000,0,0,79.7950,47.2429,0.0000,0.0000,False,57.0000,0.9387,9.0000,24.9131
1.0000,cb-ele,58,True,1318.0000,0.9720,0.9065,0.9761,0.4859,10.5322,5.0000,0,0,49.8977,39.6925,0.0000,0.0000,False,61.0000,0.9522,11.0000,25.5371
1.0000,cb-ele,59,True,1337.0000,0.9729,0.8928,0.9834,0.4771,10.4703,5.0000,0,0,41.3497,35.5872,0.0000,0.0000,False,89.0000,0.9268,14.0000,25.1795
1.0000,cb-ele,60,True,1275.0000,0.9759,0.8849,0.9828,0.5011,10.1989,5.0000,0,0,53.6860,38.9219,0.0447,0.0000,False,80.0000,0.8895,15.0000,25.5844
1.0000,cb-ele,61,True,1304.0000,0.9839,0.8805,0.9739,0.4969,10.3858,5.0000,0,0,79.5859,50.0863,0.0000,0.0000,False,75.0000,0.9027,15.0000,24.0691
1.0000,cb-ele,62,True,1236.0000,0.9752,0.8817,0.9754,0.5181,9.9536,5.0000,0,0,80.7857,45.0736,0.2643,0.0000,False,69.0000,0.9070,12.0000,24.0258
1.0000,cb-ele,63,True,1089.0000,0.9872,0.8821,0.9695,0.6022,10.5007,5.0000,0,0,82.0360,48.1385,0.0000,0.0000,False,91.0000,0.8743,15.0000,24.1149
1.0000,cb-ele,64,True,1282.0000,0.9742,0.8703,0.9733,0.4997,10.3004,5.0000,0,0,73.5427,45.7890,0.2229,0.0000,False,14.0000,0.9244,11.0000,25.7223
1.0000,cb-ele,65,True,1227.0000,0.9805,0.8447,0.9393,0.5511,9.6893,5.0000,0,0,73.1084,46.7468,0.0000,0.0000,False,65.0000,0.9064,9.0000,26.5263
1.0000,cb-ele,66,True,1173.0000,0.9835,0.8598,0.9693,0.5523,10.4649,5.0000,0,0,87.3940,48.5464,0.2376,0.0000,False,81.0000,0.9003,11.0000,26.5595
1.0000,cb-ele,67,True,1283.0000,0.9782,0.9021,0.9830,0.5002,10.5799,5.0000,0,0,49.1478,38.7748,0.0000,0.0000,False,66.0000,0.9564,12.0000,26.4612
1.0000,cb-ele,68,True,1291.0000,0.9750,0.9163,0.9857,0.4950,9.9950,5.0000,0,0,49.5970,37.3729,0.0000,0.0000,False,26.0000,0.9528,10.0000,24.9892
1.0000,cb-ele,69,True,1312.0000,0.9760,0.9115,0.9812,0.4875,10.0833,5.0000,0,0,50.9789,39.2420,0.0000,0.0000,False,62.0000,0.9284,13.0000,25.0412
1.0000,cb-ele,70,True,1226.0000,0.9811,0.9172,0.9783,0.5260,10.3457,5.0000,0,0,57.2503,42.0870,0.0000,0.0000,False,15.0000,0.9584,7.0000,25.6052
1.0000,cb-ele,71,True,1360.0000,0.9885,0.8362,0.9302,0.5074,10.0077,5.0000,0,0,71.7346,44.8848,0.1954,0.0000,False,84.0000,0.9214,10.0000,25.4717
1.0000,cb-ele,72,True,1311.0000,0.9764,0.9174,0.9799,0.4892,9.6503,5.0000,0,0,47.0896,36.7681,0.0000,0.0000,False,57.0000,0.9444,12.0000,26.7789
1.0000,cb-ele,73,True,1283.0000,0.9751,0.9029,0.9870,0.4982,10.6816,5.0000,0,0,57.7452,39.0398,0.0000,0.0000,False,77.0000,0.9206,14.0000,25.6801
1.0000,cb-ele,74,True,1278.0000,0.9744,0.8873,0.9763,0.5004,10.4063,5.0000,0,0,62.6172,40.5657,0.1884,0.0000,False,94.0000,0.9140,15.0000,26.5609
1.0000,cb-ele,75,True,1306.0000,0.9752,0.9003,0.9828,0.4883,10.4112,5.0000,0,0,49.8960,37.5539,0.0000,0.0000,False,94.0000,0.9166,11.0000,25.4314
1.0000,cb-ele,76,True,1320.0000,0.9749,0.9014,0.9830,0.4844,10.5170,5.0000,0,0,42.5512,36.2982,0.0000,0.0000,False,118.0000,0.9198,12.0000,23.5673
1.0000,cb-ele,77,True,1290.0000,0.9711,0.9113,0.9851,0.4934,10.1077,5.0000,0,0,54.1955,38.8889,0.0000,0.0000,False,73.0000,0.9187,16.0000,24.2139
1.0000,cb-ele,78,True,1275.0000,0.9730,0.9193,0.9873,0.4987,10.4094,5.0000,0,0,52.4982,38.3115,0.0000,0.0000,False,61.0000,0.9154,9.0000,24.6540
1.0000,cb-ele,79,True,1317.0000,0.9801,0.9145,0.9799,0.4895,9.8960,5.0000,0,0,50.7384,37.4229,0.0000,0.0000,False,76.0000,0.9082,12.0000,25.7785
1.0000,cb-ele,80,True,1404.0000,0.9796,0.8143,0.9137,0.5019,10.0139,5.0000,0,0,69.3921,44.9208,0.0000,0.0000,False,55.0000,0.9416,10.0000,23.7284
1.0000,cb-ele,81,True,1281.0000,0.9784,0.8242,0.9543,0.5115,10.0448,5.0000,0,0,76.1600,52.8779,0.2520,0.0000,False,93.0000,0.8994,12.0000,23.7230
1.0000,cb-ele,82,True,1271.0000,0.9710,0.9156,0.9808,0.5003,9.8180,5.0000,0,0,51.4150,38.8074,0.0000,0.0000,False,89.0000,0.9159,7.0000,22.8043
1.0000,cb-ele,83,True,1277.0000,0.9732,0.8993,0.9799,0.5012,10.6709,5.0000,0,0,46.0852,37.3363,0.0000,0.0000,False,680.0000,0.4734,13.0000,22.6635
1.0000,cb-ele,84,True,1466.0000,0.9747,0.8364,0.8830,0.5213,9.4477,5.0000,0,0,70.8844,41.4985,0.2065,0.0000,False,8.0000,0.9441,11.0000,22.4375
1.0000,cb-ele,85,True,1534.0000,0.9758,0.8391,0.9305,0.4443,10.3034,5.0000,0,0,71.8861,44.8744,0.1896,0.0000,False,46.0000,0.9713,11.0000,21.7576
1.0000,cb-ele,86,True,1257.0000,0.9840,0.8883,0.9769,0.5142,10.5471,5.0000,0,0,61.5131,41.8006,0.0000,0.0000,False,85.0000,0.8935,14.0000,21.6967
1.0000,cb-ele,87,True,1149.0000,0.9740,0.8910,0.9782,0.5576,10.4749,5.0000,0,0,50.3591,37.3424,0.0000,0.0000,False,94.0000,0.8913,12.0000,22.0628
1.0000,cb-ele,88,True,1252.0000,0.9808,0.8792,0.9681,0.5176,10.2496,5.0000,0,0,56.5840,40.2010,0.0000,0.0000,False,12.0000,0.9393,12.0000,25.1520
1.0000,cb-ele,89,True,1311.0000,0.9748,0.9034,0.9801,0.4878,10.2454,5.0000,0,0,49.3096,37.6969,0.0000,0.0000,False,91.0000,0.9093,14.0000,24.5842
1.0000,cb-ele,90,True,1097.0000,0.9915,0.8566,0.9592,0.5987,10.3686,5.0000,0,0,114.7546,64.0984,0.3543,0.0000,False,87.0000,0.8962,13.0000,24.8460
1.0000,cb-ele,91,True,1343.0000,0.9774,0.8904,0.9837,0.4760,10.3146,5.0000,0,0,46.5890,37.9639,0.0000,0.0000,False,98.0000,0.8891,15.0000,25.2243
1.0000,cb-ele,92,True,1307.0000,0.9741,0.9038,0.9810,0.4885,10.6799,5.0000,0,0,45.6323,37.2237,0.0000,0.0000,False,81.0000,0.9052,11.0000,21.4844
1.0000,cb-ele,93,True,1273.0000,0.9737,0.8995,0.9820,0.5005,10.5939,5.0000,0,0,52.7519,38.3016,0.0000,0.0000,False,72.0000,0.9089,11.0000,21.8783
1.0000,cb-ele,94,True,1432.0000,0.9844,0.9098,0.9815,0.4513,10.7991,5.0000,0,0,70.7657,46.1463,0.0000,0.0000,False,19.0000,0.9484,8.0000,21.9719
1.0000,cb-ele,95,True,1306.0000,0.9725,0.9073,0.9818,0.4880,10.4091,5.0000,0,0,48.7771,37.3753,0.0000,0.0000,False,31.0000,0.9426,8.0000,21.7514
1.0000,cb-ele,96,True,1301.0000,0.9743,0.8751,0.9765,0.4914,10.2488,5.0000,0,0,48.9303,37.1958,0.0138,0.0000,False,113.0000,0.8794,11.0000,21.5648
1.0000,cb-ele,97,True,1199.0000,0.9901,0.9015,0.9777,0.5440,10.6519,5.0000,0,0,77.7464,46.7714,0.1925,0.0000,False,70.0000,0.9242,7.0000,22.8253
1.0000,cb-ele,98,True,1313.0000,0.9727,0.8900,0.9833,0.4861,10.5453,5.0000,0,0,55.3723,39.0075,0.0571,0.0000,False,111.0000,0.8942,13.0000,21.6860
1.0000,cb-ele,99,True,1324.0000,0.9801,0.8887,0.9752,0.4864,10.4278,5.0000,0,0,45.5445,36.8049,0.0000,0.0000,False,87.0000,0.9132,9.0000,22.0946
1.0000,couzin,0,True,1201.0000,0.9770,0.6472,0.9576,0.5383,9.7133,5.0000,0,0,42.9264,35.8604,0.0000,0.0000,False,,,,22.3567
1.0000,couzin,1,True,1205.0000,0.9767,0.6446,0.9575,0.5367,9.7491,5.0000,0,0,42.9812,36.1817,0.0000,0.0000,False,,,,21.9646
1.0000,couzin,2,True,1202.0000,0.9715,0.6447,0.9539,0.5369,9.9023,5.0000,0,0,43.5752,36.6205,0.0000,0.0000,False,,,,21.2527
1.0000,couzin,3,True,1203.0000,0.9745,0.6453,0.9571,0.5368,9.8764,5.0000,0,0,42.0473,36.1139,0.0000,0.0000,False,,,,21.8281
1.0000,couzin,4,True,1201.0000,0.9779,0.6467,0.9573,0.5378,9.9082,5.0000,0,0,43.0253,35.8979,0.0000,0.0000,False,,,,23.5356
1.0000,couzin,5,True,1204.0000,0.9753,0.6470,0.9558,0.5374,9.8174,5.0000,0,0,44.4363,36.6728,0.0000,0.0000,False,,,,23.0927
1.0000,couzin,6,True,1204.0000,0.9763,0.6479,0.9538,0.5383,9.7888,5.0000,0,0,42.2538,36.3595,0.0000,0.0000,False,,,,22.5794
1.0000,couzin,7,True,1198.0000,0.9731,0.6451,0.9566,0.5378,9.9395,5.0000,0,0,43.1555,36.2535,0.0000,0.0000,False,,,,23.3761
1.0000,couzin,8,True,1203.0000,0.9778,0.6511,0.9577,0.5388,9.8361,5.0000,0,0,42.7194,36.1401,0.0000,0.0000,False,,,,20.5301
1.0000,couzin,9,True,1205.0000,0.9789,0.6430,0.9610,0.5357,9.7242,5.0000,0,0,42.4031,36.2567,0.0000,0.0000,False,,,,22.4267
1.0000,couzin,10,True,1207.0000,0.9749,0.6381,0.9572,0.5343,9.6276,5.0000,0,0,43.6289,36.2961,0.0000,0.0000,False,,,,21.9220
1.0000,couzin,11,True,1223.0000,0.9801,0.6378,0.9528,0.5324,9.7075,5.0000,0,0,45.2702,36.4132,0.0000,0.0000,False,,,,21.3083
1.0000,couzin,12,True,1221.0000,0.9798,0.6335,0.9569,0.5320,9.6562,5.0000,0,0,42.1988,35.7489,0.0000,0.0000,False,,,,22.5837
1.0000,couzin,13,True,1209.0000,0.9755,0.6354,0.9579,0.5336,9.6257,5.0000,0,0,42.6345,36.2451,0.0000,0.0000,False,,,,21.3090
1.0000,couzin,14,True,1207.0000,0.9780,0.6432,0.9594,0.5357,9.7520,5.0000,0,0,42.3995,36.0536,0.0000,0.0000,False,,,,22.3071
1.0000,couzin,15,True,1206.0000,0.9766,0.6384,0.9615,0.5342,9.7459,5.0000,0,0,43.5770,36.3168,0.0000,0.0000,False,,,,22.9830
1.0000,couzin,16,True,1198.0000,0.9752,0.6472,0.9622,0.5378,9.7979,5.0000,0,0,43.8606,36.0998,0.0000,0.0000,False,,,,22.9772
1.0000,couzin,17,True,1187.0000,0.9744,0.6612,0.9586,0.5437,9.8043,5.0000,0,0,42.0639,35.8099,0.0000,0.0000,False,,,,22.4541
1.0000,couzin,18,True,1209.0000,0.9788,0.6408,0.9595,0.5349,9.9103,5.0000,0,0,42.0872,35.8718,0.0000,0.0000,False,,,,21.3679
1.0000,couzin,19,True,1208.0000,0.9743,0.6381,0.9561,0.5342,9.8141,5.0000,0,0,43.9532,36.3021,0.0000,0.0000,False,,,,21.6870
1.0000,couzin,20,True,1196.0000,0.9713,0.6456,0.9606,0.5374,9.5442,5.0000,0,0,42.5540,36.0768,0.0000,0.0000,False,,,,20.9783
1.0000,couzin,21,True,1193.0000,0.9748,0.6506,0.9631,0.5396,9.8614,5.0000,0,0,43.7128,36.7115,0.0000,0.0000,False,,,,19.7208
1.0000,couzin,22,True,1196.0000,0.9732,0.6488,0.9581,0.5387,9.6903,5.0000,0,0,44.2357,36.6217,0.0000,0.0000,False,,,,21.0252
1.0000,couzin,23,True,1231.0000,0.9808,0.6294,0.9531,0.5286,9.7327,5.0000,0,0,42.1298,36.1374,0.0000,0.0000,False,,,,20.8840
1.0000,couzin,24,True,1208.0000,0.9757,0.6468,0.9492,0.5389,9.7890,5.0000,0,0,41.8534,35.9218,0.0000,0.0000,False,,,,22.5226
1.0000,couzin,25,True,1205.0000,0.9756,0.6423,0.9604,0.5362,9.8563,5.0000,0,0,43.7659,36.5602,0.0000,0.0000,False,,,,21.9860
1.0000,couzin,26,True,1197.0000,0.9756,0.6478,0.9627,0.5379,9.8557,5.0000,0,0,41.1257,35.9009,0.0000,0.0000,False,,,,20.9885
1.0000,couzin,27,True,1199.0000,0.9719,0.6472,0.9541,0.5377,9.9978,5.0000,0,0,42.5699,36.2873,0.0000,0.0000,False,,,,21.0028
1.0000,couzin,28,True,1211.0000,0.9792,0.6404,0.9594,0.5347,9.8593,5.0000,0,0,43.2149,36.1317,0.0000,0.0000,False,,,,21.4385
1.0000,couzin,29,True,1194.0000,0.9753,0.6534,0.9595,0.5403,9.7485,5.0000,0,0,41.4895,35.7949,0.0000,0.0000,False,,,,21.7074
1.0000,couzin,30,True,1206.0000,0.9773,0.6469,0.9554,0.5372,9.8596,5.0000,0,0,42.7149,36.3032,0.0000,0.0000,False,,,,21.2778
1.0000,couzin,31,True,1183.0000,0.9700,0.6546,0.9612,0.5416,9.8660,5.0000,0,0,42.9446,36.0086,0.0000,0.0000,False,,,,21.7952
1.0000,couzin,32,True,1212.0000,0.9793,0.6427,0.9576,0.5351,9.8807,5.0000,0,0,43.5989,36.3049,0.0000,0.0000,False,,,,21.9994
1.0000,couzin,33,True,1207.0000,0.9726,0.6383,0.9567,0.5345,9.8540,5.0000,0,0,42.6503,36.1545,0.0000,0.0000,False,,,,22.3348
1.0000,couzin,34,True,1196.0000,0.9738,0.6464,0.9576,0.5379,9.8353,5.0000,0,0,43.6211,36.1998,0.0000,0.0000,False,,,,23.2641
1.0000,couzin,35,True,1198.0000,0.9741,0.6454,0.9606,0.5378,9.8457,5.0000,0,0,41.0325,35.7557,0.0000,0.0000,False,,,,21.7379
1.0000,couzin,36,True,1212.0000,0.9790,0.6429,0.9580,0.5358,9.7787,5.0000,0,0,42.6669,36.2419,0.0000,0.0000,False,,,,21.8110
1.0000,couzin,37,True,1194.0000,0.9757,0.6525,0.9628,0.5403,9.8975,5.0000,0,0,43.9631,36.3734,0.0000,0.0000,False,,,,21.5017
1.0000,couzin,38,True,1205.0000,0.9751,0.6401,0.9614,0.5348,9.6818,5.0000,0,0,43.5899,36.3064,0.0000,0.0000,False,,,,22.2216
1.0000,couzin,39,True,1201.0000,0.9742,0.6452,0.9578,0.5373,9.7349,5.0000,0,0,43.0395,36.3068,0.0000,0.0000,False,,,,22.5419
1.0000,couzin,40,True,1199.0000,0.9752,0.6481,0.9620,0.5381,9.9603,5.0000,0,0,42.5787,35.8782,0.0000,0.0000,False,,,,21.4513
1.0000,couzin,41,True,1197.0000,0.9739,0.6441,0.9603,0.5370,9.8852,5.0000,0,0,42.8512,36.1146,0.0000,0.0000,False,,,,21.0568
1.0000,couzin,42,True,1191.0000,0.9736,0.6528,0.9600,0.5397,9.9073,5.0000,0,0,41.9469,35.8963,0.0000,0.0000,False,,,,21.3675
1.0000,couzin,43,True,1214.0000,0.9754,0.6315,0.9599,0.5313,9.7061,5.0000,0,0,42.5299,36.1934,0.0000,0.0000,False,,,,21.6747
1.0000,couzin,44,True,1207.0000,0.9773,0.6418,0.9609,0.5347,9.7688,5.0000,0,0,45.4577,37.0400,0.0000,0.0000,False,,,,22.3367
1.0000,couzin,45,True,1200.0000,0.9743,0.6462,0.9578,0.5370,9.9118,5.0000,0,0,43.4962,36.2978,0.0000,0.0000,False,,,,22.1876
1.0000,couzin,46,True,1194.0000,0.9755,0.6514,0.9627,0.5396,9.8430,5.0000,0,0,41.9087,35.9781,0.0000,0.0000,False,,,,23.0550
1.0000,couzin,47,True,1195.0000,0.9725,0.6451,0.9601,0.5371,9.7280,5.0000,0,0,42.9845,36.4085,0.0000,0.0000,False,,,,23.0372
1.0000,couzin,48,True,1195.0000,0.9722,0.6474,0.9592,0.5381,9.9915,5.0000,0,0,43.1813,36.5530,0.0000,0.0000,False,,,,22.1688
1.0000,couzin,49,True,1221.0000,0.9772,0.6312,0.9536,0.5308,9.6880,5.0000,0,0,44.2704,36.6582,0.0000,0.0000,False,,,,21.7477
1.0000,couzin,50,True,1205.0000,0.9753,0.6447,0.9542,0.5373,9.8042,5.0000,0,0,44.4338,36.4248,0.0000,0.0000,False,,,,22.4422
1.0000,couzin,51,True,1224.0000,0.9768,0.6299,0.9532,0.5302,9.6879,5.0000,0,0,45.9648,36.9904,0.0000,0.0000,False,,,,21.3617
1.0000,couzin,52,True,1210.0000,0.9777,0.6407,0.9572,0.5354,9.7993,5.0000,0,0,43.6453,36.8738,0.0000,0.0000,False,,,,21.8580
1.0000,couzin,53,True,1194.0000,0.9751,0.6521,0.9586,0.5399,9.8497,5.0000,0,0,44.2426,36.6639,0.0000,0.0000,False,,,,22.5530
1.0000,couzin,54,True,1212.0000,0.9825,0.6437,0.9582,0.5366,9.8480,5.0000,0,0,44.1038,36.4878,0.0000,0.0000,False,,,,22.2505
1.0000,couzin,55,True,1188.0000,0.9738,0.6565,0.9600,0.5424,9.9893,5.0000,0,0,42.4680,36.0444,0.0000,0.0000,False,,,,21.8414
1.0000,couzin,56,True,1198.0000,0.9749,0.6457,0.9619,0.5371,9.7881,5.0000,0,0,41.5647,35.7900,0.0000,0.0000,False,,,,23.8709
1.0000,couzin,57,True,1189.0000,0.9711,0.6488,0.9600,0.5393,9.6959,5.0000,0,0,42.9067,36.0550,0.0000,0.0000,False,,,,23.6475
1.0000,couzin,58,True,1210.0000,0.9784,0.6415,0.9616,0.5349,9.8314,5.0000,0,0,44.1400,36.6343,0.0000,0.0000,False,,,,23.7096
1.0000,couzin,59,True,1197.0000,0.9738,0.6484,0.9599,0.5387,9.7781,5.0000,0,0,42.2475,36.1761,0.0000,0.0000,False,,,,24.1916
1.0000,couzin,60,True,1189.0000,0.9720,0.6525,0.9599,0.5401,9.9226,5.0000,0,0,44.4180,36.4638,0.0000,0.0000,False,,,,24.2504
1.0000,couzin,61,True,1212.0000,0.9819,0.6484,0.9543,0.5375,9.8343,5.0000,0,0,44.1124,36.5769,0.0000,0.0000,False,,,,23.1046
1.0000,couzin,62,True,1206.0000,0.9740,0.6378,0.9599,0.5341,9.7565,5.0000,0,0,42.1048,35.8801,0.0000,0.0000,False,,,,22.9671
1.0000,couzin,63,True,1213.0000,0.9769,0.6378,0.9585,0.5334,9.7611,5.0000,0,0,41.5178,36.0693,0.0000,0.0000,False,,,,22.9077
1.0000,couzin,64,True,1204.0000,0.9776,0.6430,0.9627,0.5360,9.8136,5.0000,0,0,43.9438,36.4534,0.0000,0.0000,False,,,,23.5732
1.0000,couzin,65,True,1213.0000,0.9767,0.6376,0.9537,0.5347,9.7522,5.0000,0,0,43.7953,36.8446,0.0000,0.0000,False,,,,22.9116
1.0000,couzin,66,True,1196.0000,0.9740,0.6502,0.9592,0.5389,9.9651,5.0000,0,0,42.0360,36.0270,0.0000,0.0000,False,,,,23.8728
1.0000,couzin,67,True,1210.0000,0.9804,0.6461,0.9584,0.5372,9.9298,5.0000,0,0,44.6908,36.8161,0.0000,0.0000,False,,,,21.7750
1.0000,couzin,68,True,1206.0000,0.9765,0.6457,0.9577,0.5367,9.8441,5.0000,0,0,42.8898,36.2937,0.0000,0.0000,False,,,,23.5692
1.0000,couzin,69,True,1209.0000,0.9815,0.6469,0.9582,0.5365,9.8415,5.0000,0,0,43.1055,36.3057,0.0000,0.0000,False,,,,22.5723
1.0000,couzin,70,True,1209.0000,0.9751,0.6411,0.9576,0.5352,9.8177,5.0000,0,0,44.1043,36.6013,0.0000,0.0000,False,,,,21.1411
1.0000,couzin,71,True,1208.0000,0.9772,0.6413,0.9595,0.5352,9.7927,5.0000,0,0,44.6278,36.6217,0.0000,0.0000,False,,,,21.7316
1.0000,couzin,72,True,1198.0000,0.9748,0.6464,0.9603,0.5381,9.8426,5.0000,0,0,43.2168,36.2179,0.0000,0.0000,False,,,,22.0717
1.0000,couzin,73,True,1200.0000,0.9731,0.6469,0.9555,0.5384,9.8549,5.0000,0,0,42.3942,36.3352,0.0000,0.0000,False,,,,21.6175
1.0000,couzin,74,True,1208.0000,0.9790,0.6429,0.9611,0.5350,9.7682,5.0000,0,0,44.5933,36.4467,0.0000,0.0000,False,,,,22.2427
1.0000,couzin,75,True,1213.0000,0.9777,0.6347,0.9571,0.5329,9.7231,5.0000,0,0,43.0087,36.2225,0.0000,0.0000,False,,,,21.6968
1.0000,couzin,76,True,1197.0000,0.9761,0.6499,0.9591,0.5395,9.7758,5.0000,0,0,43.0872,36.3324,0.0000,0.0000,False,,,,20.8773
1.0000,couzin,77,True,1205.0000,0.9746,0.6400,0.9606,0.5353,9.7878,5.0000,0,0,42.8036,36.3433,0.0000,0.0000,False,,,,20.8373
1.0000,couzin,78,True,1206.0000,0.9743,0.6408,0.9562,0.5346,9.9760,5.0000,0,0,43.1924,36.5294,0.0000,0.0000,False,,,,20.6158
1.0000,couzin,79,True,1201.0000,0.9773,0.6469,0.9618,0.5380,9.7426,5.0000,0,0,43.5264,36.3864,0.0000,0.0000,False,,,,21.5741
1.0000,couzin,80,True,1187.0000,0.9758,0.6614,0.9618,0.5435,9.9247,5.0000,0,0,41.3187,35.6375,0.0000,0.0000,False,,,,22.9434
1.0000,couzin,81,True,1199.0000,0.9749,0.6458,0.9598,0.5382,9.6872,5.0000,0,0,45.6497,36.8823,0.0000,0.0000,False,,,,24.8486
1.0000,couzin,82,True,1200.0000,0.9736,0.6477,0.9537,0.5382,9.8976,5.0000,0,0,45.1256,36.8452,0.0000,0.0000,False,,,,23.2566
1.0000,couzin,83,True,1196.0000,0.9757,0.6535,0.9580,0.5401,9.8899,5.0000,0,0,43.6669,36.2833,0.0000,0.0000,False,,,,22.6500
1.0000,couzin,84,True,1194.0000,0.9740,0.6504,0.9593,0.5398,9.9754,5.0000,0,0,44.1558,36.4663,0.0000,0.0000,False,,,,22.7980
1.0000,couzin,85,True,1192.0000,0.9741,0.6548,0.9578,0.5415,9.6781,5.0000,0,0,43.2660,36.2042,0.0000,0.0000,False,,,,22.6192
1.0000,couzin,86,True,1202.0000,0.9778,0.6478,0.9600,0.5378,9.9895,5.0000,0,0,42.3445,36.0490,0.0000,0.0000,False,,,,23.1768
1.0000,couzin,87,True,1191.0000,0.9766,0.6583,0.9633,0.5421,10.0069,5.0000,0,0,43.8463,36.3231,0.0000,0.0000,False,,,,21.7193
1.0000,couzin,88,True,1205.0000,0.9768,0.6449,0.9580,0.5373,9.7584,5.0000,0,0,44.6665,36.3508,0.0000,0.0000,False,,,,20.4610
1.0000,couzin,89,True,1195.0000,0.9720,0.6467,0.9597,0.5380,9.8504,5.0000,0,0,44.2803,36.6008,0.0000,0.0000,False,,,,22.9018
1.0000,couzin,90,True,1202.0000,0.9743,0.6452,0.9579,0.5368,9.9637,5.0000,0,0,45.6413,37.1322,0.0000,0.0000,False,,,,21.8771
1.0000,couzin,91,True,1201.0000,0.9741,0.6448,0.9580,0.5366,9.7786,5.0000,0,0,44.6364,37.0214,0.0000,0.0000,False,,,,23.0832
1.0000,couzin,92,True,1215.0000,0.9780,0.6359,0.9607,0.5323,9.6950,5.0000,0,0,44.7127,36.8679,0.0000,0.0000,False,,,,23.1222
1.0000,couzin,93,True,1215.0000,0.9730,0.6289,0.9570,0.5300,9.6603,5.0000,0,0,42.9630,36.2969,0.0000,0.0000,False,,,,22.9522
1.0000,couzin,94,True,1213.0000,0.9780,0.6395,0.9566,0.5346,9.6793,5.0000,0,0,43.0688,36.2084,0.0000,0.0000,False,,,,22.2014
1.0000,couzin,95,True,1216.0000,0.9791,0.6374,0.9575,0.5330,9.6130,5.0000,0,0,42.9305,36.3066,0.0000,0.0000,False,,,,22.0142
1.0000,couzin,96,True,1207.0000,0.9814,0.6476,0.9617,0.5371,9.7512,5.0000,0,0,44.6443,36.2163,0.0000,0.0000,False,,,,25.6080
1.0000,couzin,97,True,1198.0000,0.9700,0.6470,0.9544,0.5385,9.8929,5.0000,0,0,46.2322,36.7613,0.0000,0.0000,False,,,,24.1268
1.0000,couzin,98,True,1188.0000,0.9715,0.6551,0.9588,0.5419,9.9062,5.0000,0,0,45.2394,36.6324,0.0000,0.0000,False,,,,25.2076
1.0000,couzin,99,True,1193.0000,0.9740,0.6491,0.9635,0.5386,9.8590,5.0000,0,0,40.9712,35.7423,0.0000,0.0000,False,,,,28.6981
1.0000,pacnav,0,True,2024.0000,0.9922,0.8634,0.9624,0.3272,9.2028,5.0000,0,0,108.3119,70.5757,0.0064,0.0002,False,,,,38.5151
1.0000,pacnav,1,True,2065.0000,0.9961,0.8792,0.9741,0.3172,9.2591,4.9996,0,0,105.0856,71.7556,0.0281,0.0001,False,,,,37.1899
1.0000,pacnav,2,True,2054.0000,0.9941,0.9035,0.9698,0.3202,9.2679,4.9991,0,0,107.3722,71.5127,0.2511,0.0003,False,,,,38.2852
1.0000,pacnav,3,True,2086.0000,0.9965,0.8526,0.9661,0.3156,9.2291,4.9999,0,0,106.0999,69.7754,0.1227,0.0000,False,,,,41.1761
1.0000,pacnav,4,True,2078.0000,0.9926,0.8828,0.9717,0.3144,9.7648,4.9998,0,0,102.5012,68.4794,0.3050,0.0000,False,,,,42.1892
1.0000,pacnav,5,True,1988.0000,0.9898,0.9146,0.9798,0.3269,6.9731,5.0000,0,0,269.0765,133.1183,0.8281,0.0001,False,,,,46.0568
1.0000,pacnav,6,True,2076.0000,0.9949,0.8652,0.9711,0.3158,9.2996,4.9988,0,0,99.9367,65.8258,0.1098,0.0000,False,,,,44.4011
1.0000,pacnav,7,True,2084.0000,0.9914,0.8568,0.9662,0.3142,9.4743,4.9999,0,0,98.9775,68.2440,0.2436,0.0000,False,,,,44.6897
1.0000,pacnav,8,True,2051.0000,0.9914,0.8660,0.9658,0.3201,8.0067,5.0000,0,0,223.3215,99.4431,0.7563,0.0002,False,,,,40.3534
1.0000,pacnav,9,True,2079.0000,0.9935,0.8584,0.9633,0.3163,8.8985,4.9984,0,0,118.4016,74.8236,0.1702,0.0000,False,,,,41.6122
1.0000,pacnav,10,True,2108.0000,0.9937,0.8431,0.9473,0.3138,8.8859,4.9953,0,0,135.7275,80.0071,0.2779,0.0001,False,,,,42.5180
1.0000,pacnav,11,True,2073.0000,0.9941,0.8376,0.9599,0.3182,8.9386,4.9998,0,0,105.5767,68.0372,0.1437,0.0000,False,,,,41.6135
1.0000,pacnav,12,True,2020.0000,0.9966,0.8506,0.9586,0.3278,8.2510,5.0000,0,0,200.3213,83.8022,0.5596,0.0001,False,,,,43.0647
1.0000,pacnav,13,True,2060.0000,0.9927,0.8277,0.9611,0.3191,8.8394,5.0000,0,0,121.6234,74.5577,0.0970,0.0001,False,,,,44.6945
1.0000,pacnav,14,True,2041.0000,0.9953,0.8700,0.9707,0.3215,9.0149,4.9993,0,0,96.7675,69.6562,0.0377,0.0000,False,,,,43.7867
1.0000,pacnav,15,True,2081.0000,0.9958,0.8394,0.9580,0.3166,9.2750,4.9988,0,0,96.3348,61.6935,0.0466,0.0002,False,,,,41.9712
1.0000,pacnav,16,True,2046.0000,0.9917,0.8693,0.9754,0.3189,8.9666,4.9999,0,0,125.7501,84.5604,0.3097,0.0000,False,,,,45.0894
1.0000,pacnav,17,True,2045.0000,0.9936,0.8533,0.9666,0.3210,9.0383,4.9997,0,0,123.9496,76.7397,0.1408,0.0000,False,,,,45.3526
1.0000,pacnav,18,True,2079.0000,0.9937,0.8192,0.9746,0.3139,5.7746,5.0000,0,0,262.5787,131.2418,0.7495,0.0000,False,,,,58.5894
1.0000,pacnav,19,True,2091.0000,0.9953,0.8375,0.9580,0.3159,9.1434,4.9997,0,0,98.0220,65.9054,0.0000,0.0000,False,,,,41.3684
1.0000,pacnav,20,True,2059.0000,0.9942,0.8419,0.9616,0.3208,9.1465,4.9999,0,0,97.9765,67.1769,0.0000,0.0000,False,,,,37.0671
1.0000,pacnav,21,True,2064.0000,0.9941,0.8918,0.9708,0.3180,9.5827,4.9998,0,0,91.9379,62.7653,0.0000,0.0000,False,,,,34.2275
1.0000,pacnav,22,True,2103.0000,0.9950,0.8530,0.9677,0.3127,8.9662,4.9999,0,0,99.3372,66.9794,0.0913,0.0001,False,,,,33.3713
1.0000,pacnav,23,True,2029.0000,0.9958,0.8543,0.9726,0.3232,9.0177,5.0000,0,0,108.4442,70.7444,0.0803,0.0002,False,,,,28.3282
1.0000,pacnav,24,True,1987.0000,0.9923,0.8694,0.9716,0.3296,9.3333,4.9999,0,0,101.0279,66.6493,0.0412,0.0000,False,,,,22.7030
1.0000,pacnav,25,True,2072.0000,0.9957,0.8873,0.9707,0.3173,9.2781,4.9998,0,0,91.6285,66.9079,0.0019,0.0001,False,,,,21.9645
1.0000,pacnav,26,True,2046.0000,0.9954,0.8203,0.9586,0.3220,7.2716,4.9999,0,0,251.4702,122.8197,0.7352,0.0000,False,,,,21.8839
1.0000,pacnav,27,True,2077.0000,0.9957,0.8607,0.9650,0.3182,9.2566,4.9998,0,0,90.9028,60.5691,0.0010,0.0000,False,,,,19.5867
1.0000,pacnav,28,True,2019.0000,0.9918,0.8638,0.9731,0.3231,8.9814,4.9995,0,0,99.9874,71.2466,0.0287,0.0000,False,,,,21.5462
1.0000,pacnav,29,True,2079.0000,0.9944,0.8509,0.9664,0.3170,9.2713,4.9984,0,0,99.0419,64.2666,0.0572,0.0000,False,,,,19.8241
1.0000,pacnav,30,True,2022.0000,0.9926,0.8597,0.9733,0.3230,9.2350,4.9999,0,0,117.8481,74.3824,0.3811,0.0000,False,,,,20.1157
1.0000,pacnav,31,True,2007.0000,0.9921,0.9018,0.9724,0.3263,9.4183,4.9997,0,0,101.2697,66.4246,0.1848,0.0000,False,,,,19.7058
1.0000,pacnav,32,True,1993.0000,0.9953,0.8679,0.9541,0.3334,8.7844,4.9999,0,0,89.9063,60.4918,0.2322,0.0001,False,,,,22.2857
1.0000,pacnav,33,True,1896.0000,0.9902,0.9141,0.9815,0.3432,9.5407,5.0000,0,0,110.5588,72.2514,0.3305,0.0000,False,,,,20.8124
1.0000,pacnav,34,True,2074.0000,0.9944,0.8619,0.9613,0.3178,9.2845,4.9972,0,0,87.0864,58.8724,0.0467,0.0000,False,,,,20.8703
1.0000,pacnav,35,True,2084.0000,0.9895,0.8456,0.9666,0.3144,9.1476,4.9997,0,0,97.5576,66.3850,0.1525,0.0000,False,,,,21.9404
1.0000,pacnav,36,True,2055.0000,0.9910,0.8704,0.9672,0.3197,9.2819,5.0000,0,0,98.8551,70.5275,0.2077,0.0000,False,,,,21.3228
1.0000,pacnav,37,True,2074.0000,0.9924,0.8334,0.9567,0.3186,7.1683,4.9986,0,0,262.4464,127.6483,0.7446,0.0005,False,,,,22.3165
1.0000,pacnav,38,True,2061.0000,0.9930,0.8592,0.9629,0.3204,8.6337,4.9998,0,0,146.4297,79.7867,0.5204,0.0000,False,,,,21.3261
1.0000,pacnav,39,True,2001.0000,0.9934,0.8844,0.9689,0.3283,9.6073,5.0000,0,0,90.1589,59.8156,0.1434,0.0000,False,,,,19.9923
1.0000,pacnav,40,True,2061.0000,0.9916,0.8709,0.9664,0.3180,9.3796,5.0000,0,0,95.5480,65.2990,0.0344,0.0000,False,,,,20.0116
1.0000,pacnav,41,True,2048.0000,0.9933,0.8376,0.9694,0.3200,5.8093,5.0000,0,0,249.0482,121.4763,0.7560,0.0004,False,,,,27.9488
1.0000,pacnav,42,True,2015.0000,0.9905,0.8841,0.9729,0.3233,9.2484,4.9999,0,0,99.6178,70.5618,0.1210,0.0000,False,,,,20.2442
1.0000,pacnav,43,True,1991.0000,0.9916,0.8967,0.9828,0.3265,9.3430,4.9997,0,0,97.9338,72.1371,0.1150,0.0000,False,,,,20.1293
1.0000,pacnav,44,True,2075.0000,0.9959,0.8653,0.9693,0.3164,8.4838,4.9997,0,0,202.2616,83.0806,0.6021,0.0000,False,,,,19.4428
1.0000,pacnav,45,True,2058.0000,0.9942,0.8527,0.9673,0.3191,8.2055,4.9999,0,0,201.5035,87.3918,0.6246,0.0000,False,,,,20.9257
1.0000,pacnav,46,True,2043.0000,0.9928,0.8750,0.9719,0.3212,9.5182,5.0000,0,0,91.2532,63.9661,0.0700,0.0000,False,,,,20.0029
1.0000,pacnav,47,True,2082.0000,0.9961,0.8651,0.9658,0.3157,9.2812,4.9999,0,0,102.8382,65.2624,0.0000,0.0000,False,,,,21.1003
1.0000,pacnav,48,True,2048.0000,0.9941,0.8829,0.9686,0.3219,9.4856,4.9994,0,0,103.2336,67.5368,0.2250,0.0000,False,,,,20.7851
1.0000,pacnav,49,True,2069.0000,0.9940,0.8851,0.9687,0.3177,9.5796,4.9995,0,0,111.4848,69.7817,0.0285,0.0000,False,,,,21.1709
1.0000,pacnav,50,True,1989.0000,0.9887,0.8998,0.9814,0.3263,9.4460,5.0000,0,0,110.2482,76.3505,0.2291,0.0000,False,,,,21.6032
1.0000,pacnav,51,True,1976.0000,0.9923,0.9104,0.9855,0.3290,9.4478,5.0000,0,0,92.3078,65.2626,0.0860,0.0001,False,,,,23.1859
1.0000,pacnav,52,True,2087.0000,0.9949,0.8372,0.9599,0.3160,8.9522,4.9976,0,0,136.2866,86.0891,0.5680,0.0000,False,,,,21.6947
1.0000,pacnav,53,True,2019.0000,0.9923,0.8674,0.9758,0.3225,9.1488,5.0000,0,0,93.7632,66.8647,0.0000,0.0000,False,,,,22.7602
1.0000,pacnav,54,True,2061.0000,0.9925,0.8651,0.9677,0.3182,9.2416,4.9997,0,0,95.1488,65.7615,0.0252,0.0000,False,,,,21.2611
1.0000,pacnav,55,True,2072.0000,0.9952,0.8492,0.9650,0.3169,7.8050,4.9999,0,0,259.0238,110.4429,0.7279,0.0000,False,,,,20.8730
1.0000,pacnav,56,True,2054.0000,0.9925,0.8800,0.9698,0.3211,8.6215,4.9964,0,0,163.2305,78.3304,0.4618,0.0000,False,,,,19.7378
1.0000,pacnav,57,True,2083.0000,0.9928,0.8563,0.9653,0.3144,9.2327,4.9986,0,0,98.0285,65.1427,0.0005,0.0000,False,,,,19.5797
1.0000,pacnav,58,True,1986.0000,0.9907,0.8891,0.9633,0.3326,9.3116,5.0000,0,0,80.9557,59.0825,0.0000,0.0000,False,,,,19.6719
1.0000,pacnav,59,True,2095.0000,0.9948,0.8293,0.9612,0.3148,9.2699,4.9996,0,0,108.6103,68.8086,0.0067,0.0000,False,,,,19.9290
1.0000,pacnav,60,True,2040.0000,0.9940,0.8700,0.9803,0.3192,9.1696,5.0000,0,0,98.3396,70.6700,0.2543,0.0000,False,,,,20.4530
1.0000,pacnav,61,True,2063.0000,0.9963,0.8829,0.9722,0.3177,9.2960,4.9997,0,0,90.4575,63.1299,0.0984,0.0001,False,,,,20.9363
1.0000,pacnav,62,True,2071.0000,0.9963,0.8668,0.9680,0.3191,9.3093,4.9994,0,0,109.0128,71.6405,0.0135,0.0000,False,,,,22.1504
1.0000,pacnav,63,True,2031.0000,0.9919,0.8592,0.9694,0.3234,9.2644,4.9999,0,0,118.6302,76.6978,0.6009,0.0000,False,,,,22.3542
1.0000,pacnav,64,True,2052.0000,0.9953,0.8518,0.9651,0.3207,9.1506,4.9999,0,0,105.4150,70.3365,0.0015,0.0000,False,,,,23.1022
1.0000,pacnav,65,True,2075.0000,0.9941,0.8740,0.9705,0.3159,5.8351,5.0000,0,0,247.8920,130.2072,0.7452,0.0000,False,,,,21.4777
1.0000,pacnav,66,True,2068.0000,0.9911,0.8620,0.9659,0.3184,9.0326,4.9997,0,0,97.4000,62.9739,0.0019,0.0001,False,,,,21.5444
1.0000,pacnav,67,True,2073.0000,0.9949,0.8516,0.9591,0.3195,9.2310,4.9983,0,0,98.8251,62.7581,0.3462,0.0000,False,,,,20.4414
1.0000,pacnav,68,True,2084.0000,0.9957,0.8837,0.9713,0.3151,9.5126,4.9991,0,0,99.4966,66.6111,0.0000,0.0000,False,,,,20.5305
1.0000,pacnav,69,True,2096.0000,0.9920,0.8531,0.9581,0.3145,8.7056,5.0000,0,0,118.0164,70.6281,0.2451,0.0000,False,,,,20.7345
1.0000,pacnav,70,True,2027.0000,0.9947,0.8865,0.9676,0.3265,8.9913,4.9994,0,0,131.1346,73.3413,0.4911,0.0000,False,,,,21.2877
1.0000,pacnav,71,True,2070.0000,0.9948,0.8698,0.9679,0.3183,9.5426,4.9997,0,0,91.7461,63.0740,0.0652,0.0001,False,,,,19.9622
1.0000,pacnav,72,True,2070.0000,0.9955,0.8888,0.9727,0.3179,9.6217,5.0000,0,0,112.3901,69.2519,0.0613,0.0000,False,,,,19.3889
1.0000,pacnav,73,True,2023.0000,0.9926,0.8566,0.9613,0.3262,8.9404,4.9980,0,0,120.4228,78.3339,0.0400,0.0005,False,,,,19.7540
1.0000,pacnav,74,True,2024.0000,0.9905,0.8633,0.9746,0.3215,9.2342,5.0000,0,0,99.2717,69.4592,0.0667,0.0000,False,,,,21.8693
1.0000,pacnav,75,True,2055.0000,0.9942,0.8446,0.9600,0.3199,9.0574,5.0000,0,0,99.5420,60.8504,0.1051,0.0000,False,,,,20.5772
1.0000,pacnav,76,True,2046.0000,0.9919,0.8634,0.9700,0.3203,8.8605,5.0000,0,0,109.5615,74.9461,0.3034,0.0001,False,,,,21.1739
1.0000,pacnav,77,True,1966.0000,0.9898,0.9006,0.9762,0.3320,9.0490,5.0000,0,0,90.8284,67.4562,0.0493,0.0000,False,,,,22.4418
1.0000,pacnav,78,True,2007.0000,0.9942,0.8876,0.9739,0.3259,9.5213,4.9988,0,0,90.8876,66.6084,0.0000,0.0000,False,,,,19.9463
1.0000,pacnav,79,True,2046.0000,0.9932,0.8642,0.9657,0.3212,9.1002,4.9998,0,0,97.2479,70.7395,0.0816,0.0004,False,,,,20.3190
1.0000,pacnav,80,True,1990.0000,0.9899,0.8714,0.9584,0.3315,9.2999,4.9975,0,0,93.4191,63.7082,0.1075,0.0000,False,,,,20.5895
1.0000,pacnav,81,True,2036.0000,0.9925,0.8602,0.9672,0.3227,9.0140,4.9999,0,0,93.7499,65.9337,0.0000,0.0000,False,,,,20.6184
1.0000,pacnav,82,True,2017.0000,0.9937,0.8834,0.9707,0.3252,9.6730,5.0000,0,0,81.9625,61.2464,0.0000,0.0000,False,,,,19.7947
1.0000,pacnav,83,True,2058.0000,0.9948,0.8557,0.9591,0.3203,9.2910,5.0000,0,0,99.5987,63.9910,0.0267,0.0001,False,,,,20.1582
1.0000,pacnav,84,True,2069.0000,0.9948,0.8806,0.9631,0.3207,9.5700,5.0000,0,0,114.7561,72.6696,0.2662,0.0000,False,,,,19.5980
1.0000,pacnav,85,True,2066.0000,0.9937,0.8289,0.9647,0.3178,8.9669,4.9996,0,0,113.7400,77.3622,0.0000,0.0000,False,,,,21.1577
1.0000,pacnav,86,True,2053.0000,0.9916,0.8869,0.9786,0.3172,9.4977,4.9999,0,0,98.4843,71.3636,0.0691,0.0000,False,,,,20.0355
1.0000,pacnav,87,True,2038.0000,0.9937,0.8484,0.9636,0.3230,8.9734,4.9999,0,0,96.5517,64.5773,0.0427,0.0000,False,,,,21.0568
1.0000,pacnav,88,True,2086.0000,0.9939,0.8450,0.9582,0.3173,9.3487,4.9996,0,0,99.3188,65.8914,0.0297,0.0001,False,,,,19.8200
1.0000,pacnav,89,True,2049.0000,0.9943,0.8493,0.9612,0.3230,8.9864,4.9998,0,0,111.4003,75.0529,0.2034,0.0000,False,,,,21.3470
1.0000,pacnav,90,True,2083.0000,0.9953,0.8456,0.9687,0.3157,7.3885,4.9997,0,0,233.4118,119.9710,0.6099,0.0006,False,,,,20.5454
1.0000,pacnav,91,True,2037.0000,0.9919,0.8781,0.9740,0.3213,7.5284,4.9997,0,0,251.2759,127.4215,0.8381,0.0001,False,,,,20.3816
1.0000,pacnav,92,True,2075.0000,0.9946,0.8631,0.9663,0.3164,9.3828,4.9998,0,0,90.5562,62.4782,0.0000,0.0000,False,,,,20.7958
1.0000,pacnav,93,True,2030.0000,0.9922,0.8830,0.9712,0.3224,8.5442,5.0000,0,0,185.2973,79.3332,0.6076,0.0000,False,,,,22.0664
1.0000,pacnav,94,True,2046.0000,0.9929,0.8012,0.9616,0.3240,5.8421,4.9999,0,0,252.4104,131.1628,0.7523,0.0003,False,,,,29.6394
1.0000,pacnav,95,True,2080.0000,0.9918,0.8763,0.9739,0.3145,9.6006,4.9997,0,0,93.1593,65.9205,0.0000,0.0000,False,,,,20.3968
1.0000,pacnav,96,True,2060.0000,0.9910,0.8367,0.9773,0.3157,7.1267,5.0000,0,0,275.5826,115.7647,0.8675,0.0000,False,,,,21.8499
1.0000,pacnav,97,True,2053.0000,0.9932,0.8661,0.9758,0.3189,9.3965,5.0000,0,0,102.7207,73.8625,0.0560,0.0000,False,,,,20.8372
1.0000,pacnav,98,True,2056.0000,0.9873,0.8580,0.9575,0.3208,9.3560,5.0000,0,0,94.7609,63.3250,0.0797,0.0001,False,,,,20.3784
1.0000,pacnav,99,True,2045.0000,0.9912,0.8726,0.9731,0.3195,9.1715,4.9999,0,0,127.1995,79.0283,0.5714,0.0000,False,,,,20.7683
0.3000,cb-ele,0,True,1259.0000,0.9857,0.8329,0.9461,0.5229,10.6756,5.0000,0,0,98.0017,54.0052,0.3254,0.0000,False,70.0000,0.9294,7.0000,20.3650
0.3000,cb-ele,1,True,1360.0000,0.9812,0.8017,0.9221,0.4941,10.5366,5.0000,0,0,71.5106,44.1750,0.0000,0.0000,False,65.0000,0.9273,13.0000,21.6078
0.3000,cb-ele,2,True,1209.0000,0.9802,0.8249,0.9567,0.5360,10.6158,5.0000,0,0,80.6070,47.6239,0.2074,0.0000,False,81.0000,0.9174,13.0000,21.6501
0.3000,cb-ele,3,True,1388.0000,0.9815,0.8194,0.9331,0.4830,10.5342,5.0000,0,0,64.3102,41.9673,0.0000,0.0000,False,35.0000,0.9453,11.0000,21.6812
0.3000,cb-ele,4,False,,0.6692,0.5254,0.5719,0.3282,9.6992,5.0000,0,0,167.9410,127.1554,0.4613,0.0000,True,94.0000,0.9667,14.0000,21.9147
0.3000,cb-ele,5,True,1842.0000,0.9792,0.7930,0.8473,0.4050,10.2029,5.0000,0,0,69.4870,47.9610,0.0293,0.0000,False,107.0000,0.9224,17.0000,21.5561
0.3000,cb-ele,6,True,1769.0000,0.9723,0.7955,0.8728,0.4058,10.4057,5.0000,0,0,58.1911,40.7184,0.0000,0.0000,False,63.0000,0.9339,18.0000,21.7596
0.3000,cb-ele,7,True,1448.0000,0.9792,0.8360,0.9641,0.4476,10.7025,5.0000,0,0,50.0091,38.3141,0.0000,0.0000,False,102.0000,0.9324,11.0000,21.6394
0.3000,cb-ele,8,False,,0.5225,0.6489,0.5861,0.3322,10.2734,5.0000,0,0,147.0691,105.6223,0.4183,0.0000,True,925.0000,0.6933,11.0000,21.7529
0.3000,cb-ele,9,True,1398.0000,0.9771,0.7721,0.9429,0.4721,10.5824,5.0000,0,0,80.5290,50.8135,0.2352,0.0000,False,69.0000,0.9228,16.0000,21.1195
0.3000,cb-ele,10,True,1502.0000,0.9791,0.7963,0.9309,0.4484,10.4586,5.0000,0,0,84.8044,47.0138,0.2016,0.0000,False,93.0000,0.8543,13.0000,20.3382
0.3000,cb-ele,11,True,1409.0000,0.9876,0.7941,0.8884,0.4954,10.1604,5.0000,0,0,58.5144,40.9218,0.0000,0.0000,False,21.0000,0.6695,12.0000,21.4184
0.3000,cb-ele,12,True,1400.0000,0.9884,0.8253,0.9081,0.4912,10.3059,5.0000,0,0,80.6270,52.5607,0.0000,0.0000,False,50.0000,0.9429,12.0000,21.4037
0.3000,cb-ele,13,False,,0.9583,0.6619,0.7039,0.4464,9.8504,5.0000,0,0,127.8902,94.8363,0.4013,0.0000,False,80.0000,0.9697,15.0000,21.5546
0.3000,cb-ele,14,True,1738.0000,0.9822,0.7344,0.8671,0.4145,10.3327,5.0000,0,0,103.3785,68.1357,0.3732,0.0000,False,80.0000,0.9413,18.0000,21.6657
0.3000,cb-ele,15,False,,0.9180,0.5852,0.6606,0.4108,9.9657,5.0000,0,0,158.0322,143.3021,0.4960,0.0000,True,75.0000,0.9693,13.0000,21.2812
0.3000,cb-ele,16,True,1263.0000,0.9857,0.8034,0.8987,0.5425,10.4758,5.0000,0,0,94.7458,61.2811,0.0854,0.0000,False,81.0000,0.8964,11.0000,21.6598
0.3000,cb-ele,17,True,1243.0000,0.9827,0.8176,0.9066,0.5470,10.2796,5.0000,0,0,111.1895,68.1114,0.3167,0.0000,False,86.0000,0.9277,10.0000,21.0213
0.3000,cb-ele,18,True,1444.0000,0.9839,0.7788,0.9394,0.4588,10.4009,5.0000,0,0,141.4339,61.4584,0.3889,0.0000,False,109.0000,0.7848,12.0000,20.9206
0.3000,cb-ele,19,True,2308.0000,0.9786,0.7851,0.7804,0.3657,10.0173,5.0000,0,0,55.1343,40.2940,0.0000,0.0000,False,5.0000,0.9658,10.0000,21.5263
0.3000,cb-ele,20,True,1933.0000,0.9836,0.7957,0.8264,0.3982,10.3806,5.0000,0,0,54.0230,40.0740,0.0000,0.0000,False,34.0000,0.9483,8.0000,21.0771
0.3000,cb-ele,21,True,2195.0000,0.9779,0.7578,0.7904,0.3742,9.9394,5.0000,0,0,88.0935,55.5655,0.1466,0.0000,False,72.0000,0.9153,13.0000,20.7863
0.3000,cb-ele,22,True,1816.0000,0.9808,0.7887,0.8086,0.4284,10.0905,5.0000,0,0,79.8543,53.8274,0.0110,0.0000,False,71.0000,0.9466,12.0000,21.9176
0.3000,cb-ele,23,True,1725.0000,0.9752,0.8080,0.8774,0.4153,10.5510,5.0000,0,0,49.9821,38.2075,0.0000,0.0000,False,72.0000,0.9421,15.0000,21.9966
0.3000,cb-ele,24,True,2194.0000,0.9735,0.7945,0.7903,0.3803,10.1576,5.0000,0,0,52.3128,39.0268,0.0000,0.0000,False,16.0000,0.9777,10.0000,20.9672
0.3000,cb-ele,25,True,1648.0000,0.9865,0.8081,0.9062,0.4220,10.6769,5.0000,0,0,58.1083,41.1749,0.0000,0.0000,False,53.0000,0.9618,9.0000,21.4328
0.3000,cb-ele,26,True,1334.0000,0.9801,0.8192,0.9490,0.4929,10.5055,5.0000,0,0,72.4859,46.2330,0.2082,0.0000,False,61.0000,0.9483,15.0000,21.0972
0.3000,cb-ele,27,False,,0.8790,0.7129,0.6636,0.3291,9.7920,5.0000,0,0,64.4980,48.1208,0.0950,0.0000,True,73.0000,0.9733,14.0000,21.3662
0.3000,cb-ele,28,False,,0.8322,0.5597,0.6465,0.3268,9.4960,5.0000,0,0,656.9014,250.9858,0.9167,0.0000,True,99.0000,0.9413,21.0000,20.1490
0.3000,cb-ele,29,True,1375.0000,0.9872,0.8254,0.9334,0.4873,10.2701,5.0000,0,0,85.7029,55.1664,0.0000,0.0000,False,76.0000,0.9266,14.0000,20.1077
0.3000,cb-ele,30,False,,0.5640,0.6040,0.5875,0.4126,9.8942,5.0000,0,0,200.5709,169.3221,0.4867,0.0000,True,27.0000,0.9817,12.0000,20.3534
0.3000,cb-ele,31,False,,0.8339,0.7046,0.6579,0.3195,9.9195,5.0000,0,0,66.4690,50.7145,0.1760,0.0000,True,92.0000,0.9613,15.0000,20.2249
0.3000,cb-ele,32,True,1355.0000,0.9789,0.7800,0.9272,0.5105,10.3582,5.0000,0,0,71.3238,49.7677,0.0000,0.0000,False,102.0000,0.9255,15.0000,20.8917
0.3000,cb-ele,33,True,1825.0000,0.9921,0.7693,0.8418,0.4127,10.4193,5.0000,0,0,115.2078,74.6477,0.4200,0.0000,False,62.0000,0.9628,11.0000,20.7839
0.3000,cb-ele,34,True,2076.0000,0.9828,0.7558,0.8033,0.3844,10.0618,5.0000,0,0,96.2480,68.8581,0.3582,0.0000,False,68.0000,0.9519,12.0000,21.6639
0.3000,cb-ele,35,True,1651.0000,0.9764,0.7440,0.8581,0.4406,10.4738,5.0000,0,0,71.1248,48.4621,0.1180,0.0000,False,63.0000,0.9280,14.0000,21.8839
0.3000,cb-ele,36,True,2686.0000,0.9796,0.7695,0.7403,0.3481,10.0360,5.0000,0,0,60.4755,43.3309,0.0000,0.0000,False,14.0000,0.9747,9.0000,22.1170
0.3000,cb-ele,37,True,1383.0000,0.9792,0.7908,0.9225,0.4822,10.7783,5.0000,0,0,123.8318,70.1951,0.2984,0.0000,False,74.0000,0.8743,15.0000,21.8193
0.3000,cb-ele,38,True,1663.0000,0.9826,0.7990,0.9007,0.4208,10.5181,5.0000,0,0,64.8700,43.4691,0.0889,0.0000,False,53.0000,0.9171,9.0000,21.5535
0.3000,cb-ele,39,True,1392.0000,0.9848,0.8188,0.9347,0.4781,10.6187,5.0000,0,0,91.7292,60.1307,0.0000,0.0000,False,95.0000,0.9074,13.0000,21.8622
0.3000,cb-ele,40,True,1387.0000,0.9863,0.7879,0.9098,0.4979,10.5140,5.0000,0,0,78.7292,47.6076,0.0843,0.0000,False,77.0000,0.8919,11.0000,20.8935
0.3000,cb-ele,41,True,1407.0000,0.9825,0.8523,0.9615,0.4624,10.2947,5.0000,0,0,47.8139,37.1403,0.0000,0.0000,False,51.0000,0.9482,13.0000,20.1970
0.3000,cb-ele,42,True,1429.0000,0.9790,0.7601,0.9224,0.4686,10.3332,5.0000,0,0,99.6903,57.0922,0.1895,0.0000,False,78.0000,0.8503,15.0000,20.3643
0.3000,cb-ele,43,True,1423.0000,0.9799,0.7827,0.9430,0.4618,10.7899,5.0000,0,0,74.5811,47.1072,0.1840,0.0000,False,103.0000,0.9270,14.0000,21.1606
0.3000,cb-ele,44,True,1375.0000,0.9802,0.7948,0.9340,0.4939,10.7010,5.0000,0,0,66.2112,46.5361,0.0036,0.0000,False,53.0000,0.9426,12.0000,20.7958
0.3000,cb-ele,45,True,1378.0000,0.9796,0.7704,0.9171,0.4989,10.5445,5.0000,0,0,88.8325,55.3601,0.1856,0.0000,False,61.0000,0.9333,9.0000,22.5698
0.3000,cb-ele,46,True,2295.0000,0.9741,0.7863,0.7857,0.3652,10.0838,5.0000,0,0,51.4034,38.5602,0.0000,0.0000,False,20.0000,0.9682,13.0000,22.6704
0.3000,cb-ele,47,True,1264.0000,0.9857,0.8519,0.9537,0.5161,10.6361,5.0000,0,0,79.7801,49.9401,0.0000,0.0000,False,36.0000,0.9431,7.0000,22.2167
0.3000,cb-ele,48,True,1348.0000,0.9794,0.7909,0.9588,0.4806,10.6688,5.0000,0,0,90.9585,50.1950,0.3165,0.0000,False,21.0000,0.9259,7.0000,22.4283
0.3000,cb-ele,49,True,1733.0000,0.9808,0.7348,0.8672,0.4139,10.2048,5.0000,0,0,137.9238,82.6887,0.4723,0.0000,False,76.0000,0.9371,12.0000,22.0718
0.3000,cb-ele,50,True,2084.0000,0.9758,0.7721,0.7436,0.4124,10.0364,5.0000,0,0,72.7412,50.5354,0.0000,0.0000,False,72.0000,0.9530,15.0000,20.8629
0.3000,cb-ele,51,True,1282.0000,0.9751,0.8337,0.9560,0.5064,10.3430,5.0000,0,0,58.9249,40.6188,0.0148,0.0000,False,79.0000,0.9158,11.0000,21.8688
0.3000,cb-ele,52,True,1406.0000,0.9728,0.7945,0.9366,0.4785,10.9056,5.0000,0,0,130.7083,60.9554,0.3703,0.0000,False,17.0000,0.4193,6.0000,22.0219
0.3000,cb-ele,53,True,1403.0000,0.9797,0.8188,0.9582,0.4666,10.7328,5.0000,0,0,58.8142,41.7930,0.0000,0.0000,False,72.0000,0.9195,10.0000,22.5769
0.3000,cb-ele,54,False,,0.4658,0.6216,0.5293,0.3462,10.0569,5.0000,0,0,171.6883,117.4105,0.6107,0.0000,True,55.0000,0.9803,9.0000,21.8755
0.3000,cb-ele,55,True,1418.0000,0.9759,0.8117,0.9523,0.4592,10.6459,5.0000,0,0,81.3767,49.2394,0.1247,0.0000,False,5.0000,0.9084,11.0000,21.7997
0.3000,cb-ele,56,True,1482.0000,0.9849,0.8258,0.9510,0.4452,10.5105,5.0000,0,0,51.4314,38.0039,0.0000,0.0000,False,94.0000,0.9238,15.0000,21.6348
0.3000,cb-ele,57,True,1694.0000,0.9803,0.7907,0.8362,0.4416,10.3269,5.0000,0,0,96.2065,64.0802,0.2726,0.0000,False,83.0000,0.9062,15.0000,21.7761
0.3000,cb-ele,58,True,1403.0000,0.9826,0.7675,0.8974,0.5144,10.5504,5.0000,0,0,76.5730,55.5892,0.0000,0.0000,False,50.0000,0.9352,13.0000,21.6716
0.3000,cb-ele,59,True,1844.0000,0.9842,0.8202,0.9135,0.3756,10.6703,5.0000,0,0,51.3540,39.7466,0.0000,0.0000,False,967.0000,0.4764,16.0000,21.0477
0.3000,cb-ele,60,True,1479.0000,0.9764,0.7790,0.8604,0.4827,10.2472,5.0000,0,0,89.3022,56.6999,0.0000,0.0000,False,60.0000,0.9338,15.0000,22.1107
0.3000,cb-ele,61,True,1340.0000,0.9793,0.8184,0.8459,0.5366,10.2581,5.0000,0,0,85.4693,50.7754,0.0000,0.0000,False,58.0000,0.9292,11.0000,21.6791
0.3000,cb-ele,62,True,1388.0000,0.9882,0.8197,0.8854,0.5049,10.4499,5.0000,0,0,83.1859,54.0501,0.0000,0.0000,False,56.0000,0.9489,12.0000,21.2425
0.3000,cb-ele,63,True,1426.0000,0.9814,0.8193,0.9258,0.4701,10.5231,5.0000,0,0,75.7787,50.5501,0.0000,0.0000,False,81.0000,0.9166,13.0000,21.1503
0.3000,cb-ele,64,False,,0.6634,0.6333,0.5649,0.3057,10.1106,5.0000,0,0,122.4380,92.3911,0.4050,0.0000,True,76.0000,0.9673,15.0000,21.0518
0.3000,cb-ele,65,True,1578.0000,0.9721,0.7774,0.8737,0.4506,10.6038,5.0000,0,0,106.4467,58.0587,0.2736,0.0000,False,74.0000,0.8569,12.0000,22.3343
0.3000,cb-ele,66,True,1448.0000,0.9882,0.8204,0.9297,0.4638,10.6254,5.0000,0,0,89.3352,59.7587,0.0000,0.0000,False,14.0000,0.9303,10.0000,20.8106
0.3000,cb-ele,67,True,2642.0000,0.9794,0.7343,0.7331,0.3592,9.7988,5.0000,0,0,76.7078,50.1667,0.1404,0.0000,False,53.0000,0.9765,11.0000,21.2994
0.3000,cb-ele,68,True,1607.0000,0.9910,0.8052,0.8458,0.4632,10.0281,5.0000,0,0,90.2688,59.7402,0.0000,0.0000,False,63.0000,0.9534,9.0000,21.3717
0.3000,cb-ele,69,True,1430.0000,0.9780,0.8288,0.9542,0.4574,10.6808,5.0000,0,0,53.3412,39.9033,0.0000,0.0000,False,50.0000,0.9399,13.0000,22.1014
0.3000,cb-ele,70,True,1489.0000,0.9858,0.8368,0.9334,0.4532,10.6268,5.0000,0,0,55.9903,40.8486,0.0000,0.0000,False,15.0000,0.9772,7.0000,22.1139
0.3000,cb-ele,71,True,1694.0000,0.9840,0.8061,0.9021,0.4153,10.6011,5.0000,0,0,53.4897,41.4205,0.0000,0.0000,False,63.0000,0.9581,11.0000,22.0947
0.3000,cb-ele,72,True,1276.0000,0.9804,0.8154,0.9363,0.5198,10.5479,5.0000,0,0,95.1878,51.9718,0.2052,0.0000,False,55.0000,0.8849,13.0000,22.5020
0.3000,cb-ele,73,True,2101.0000,0.9761,0.7909,0.8158,0.3765,10.2077,5.0000,0,0,51.8915,40.2578,0.0000,0.0000,False,69.0000,0.9553,14.0000,21.3291
0.3000,cb-ele,74,False,,0.7593,0.6488,0.7012,0.4572,10.4793,5.0000,0,0,194.9108,137.5424,0.4400,0.0000,True,25.0000,0.2177,17.0000,20.4809
0.3000,cb-ele,75,False,,0.7453,0.5901,0.5820,0.3130,9.8764,5.0000,0,0,163.8076,119.5141,0.6007,0.0000,True,61.0000,0.9430,11.0000,20.9860
0.3000,cb-ele,76,True,1710.0000,0.9829,0.7887,0.8816,0.4177,10.4215,5.0000,0,0,76.4757,46.3812,0.2279,0.0000,False,66.0000,0.9474,12.0000,20.9832
0.3000,cb-ele,77,True,1195.0000,0.9857,0.8325,0.9545,0.5465,10.6546,5.0000,0,0,92.0169,54.5571,0.2667,0.0000,False,68.0000,0.9457,14.0000,20.7081
0.3000,cb-ele,78,True,1337.0000,0.9881,0.7889,0.9163,0.5074,10.5554,5.0000,0,0,108.8869,64.6309,0.2818,0.0000,False,43.0000,0.9447,9.0000,21.7847
0.3000,cb-ele,79,True,1398.0000,0.9790,0.8413,0.9624,0.4652,10.7553,5.0000,0,0,50.1082,38.6365,0.0000,0.0000,False,87.0000,0.9021,13.0000,21.1744
0.3000,cb-ele,80,True,2056.0000,0.9733,0.7840,0.8131,0.3840,10.3812,5.0000,0,0,57.6655,41.7274,0.0000,0.0000,False,21.0000,0.9650,10.0000,21.9541
0.3000,cb-ele,81,True,2162.0000,0.9897,0.6802,0.9022,0.3230,10.2893,5.0000,0,0,192.9024,121.1908,0.6639,0.0000,False,79.0000,0.9344,11.0000,21.9363
0.3000,cb-ele,82,True,1346.0000,0.9785,0.7359,0.9252,0.5043,10.2564,5.0000,0,0,157.6650,70.7273,0.5390,0.0000,False,61.0000,0.7491,13.0000,22.6285
0.3000,cb-ele,83,True,1286.0000,0.9772,0.8128,0.8841,0.5405,10.4081,5.0000,0,0,109.6097,66.1161,0.3535,0.0000,False,67.0000,0.9441,13.0000,22.3912
0.3000,cb-ele,84,False,,0.8244,0.6247,0.6495,0.4654,9.7276,5.0000,0,0,182.8597,163.6683,0.4363,0.0000,True,41.0000,0.9853,10.0000,22.2765
0.3000,cb-ele,85,True,1499.0000,0.9759,0.8083,0.9107,0.4559,10.5001,5.0000,0,0,60.7962,41.7889,0.0000,0.0000,False,81.0000,0.9413,9.0000,22.8670
0.3000,cb-ele,86,True,1343.0000,0.9755,0.8015,0.8863,0.5178,10.2231,5.0000,0,0,67.8467,44.2948,0.0000,0.0000,False,27.0000,0.6555,11.0000,21.9273
0.3000,cb-ele,87,True,2815.0000,0.9773,0.7727,0.7342,0.3373,10.0500,5.0000,0,0,57.1066,42.9643,0.0000,0.0000,False,80.0000,0.9670,12.0000,21.9332
0.3000,cb-ele,88,True,1590.0000,0.9822,0.7925,0.8949,0.4418,10.6212,5.0000,0,0,79.4345,47.5710,0.1741,0.0000,False,62.0000,0.8975,11.0000,21.7058
0.3000,cb-ele,89,True,1628.0000,0.9796,0.7839,0.8812,0.4338,10.4969,5.0000,0,0,75.9151,49.6044,0.0718,0.0000,False,68.0000,0.9312,12.0000,21.7649
0.3000,cb-ele,90,True,1373.0000,0.9787,0.8147,0.8853,0.5068,10.2448,5.0000,0,0,88.4590,60.3617,0.0000,0.0000,False,90.0000,0.9367,8.0000,22.3891
0.3000,cb-ele,91,False,,0.9735,0.7680,0.7151,0.3358,9.8415,5.0000,0,0,51.9555,39.1310,0.0000,0.0000,False,71.0000,0.9663,12.0000,22.5529
0.3000,cb-ele,92,True,1289.0000,0.9826,0.8184,0.9293,0.5164,10.1994,5.0000,0,0,76.1632,53.8715,0.0264,0.0000,False,87.0000,0.9047,12.0000,21.9017
0.3000,cb-ele,93,True,2263.0000,0.9953,0.7095,0.7974,0.3888,9.9175,5.0000,0,0,98.5986,58.3884,0.1948,0.0000,False,52.0000,0.9143,12.0000,22.4405
0.3000,cb-ele,94,True,1357.0000,0.9895,0.8241,0.9186,0.5038,10.4927,5.0000,0,0,121.7628,71.4746,0.4337,0.0000,False,19.0000,0.9514,9.0000,22.3739
0.3000,cb-ele,95,True,1453.0000,0.9838,0.8191,0.9578,0.4478,10.4755,5.0000,0,0,90.5348,52.0852,0.4519,0.0000,False,93.0000,0.9257,11.0000,20.7763
0.3000,cb-ele,96,True,1795.0000,0.9772,0.7931,0.8773,0.3996,10.4557,5.0000,0,0,57.0749,40.0695,0.0000,0.0000,False,82.0000,0.9365,11.0000,20.6985
0.3000,cb-ele,97,True,1331.0000,0.9881,0.8211,0.9183,0.5096,10.4289,5.0000,0,0,86.2580,56.2257,0.0000,0.0000,False,74.0000,0.9204,6.0000,21.3866
0.3000,cb-ele,98,True,1544.0000,0.9832,0.8027,0.8520,0.4716,10.2718,5.0000,0,0,83.8108,55.8243,0.0000,0.0000,False,92.0000,0.9120,13.0000,20.2723
0.3000,cb-ele,99,True,1423.0000,0.9825,0.8466,0.9616,0.4565,10.7022,5.0000,0,0,49.2363,38.0922,0.0000,0.0000,False,58.0000,0.9572,9.0000,22.0115
0.3000,couzin,0,False,,0.5356,0.1891,0.6212,0.2756,7.2182,4.6360,0,13,312.1327,290.5618,0.7923,0.0000,True,,,,9.9324
0.3000,couzin,1,False,,0.8855,0.2342,0.7097,0.3033,6.9736,4.9615,0,14,161.6221,119.6736,0.8040,0.0000,True,,,,8.1730
0.3000,couzin,2,False,,0.5184,0.1650,0.6267,0.2548,6.7240,4.5624,0,24,346.9612,288.8771,0.8260,0.0000,True,,,,20.1779
0.3000,couzin,3,False,,0.7802,0.2033,0.7159,0.2891,8.2062,4.9605,0,11,315.9223,280.5027,0.8523,0.0000,True,,,,7.5180
0.3000,couzin,4,False,,0.6693,0.1619,0.6871,0.2783,7.7671,0.0000,61,106,384.0418,342.3707,0.8450,0.0000,True,,,,10.9714
0.3000,couzin,5,False,,0.5000,0.1558,0.6241,0.2729,7.7794,4.4538,0,66,394.2582,350.9241,0.9157,0.0000,True,,,,7.6533
0.3000,couzin,6,False,,0.6626,0.1490,0.6734,0.2461,7.5272,0.0000,6,35,452.2427,320.8234,0.8330,0.0000,True,,,,17.3487
0.3000,couzin,7,False,,0.5488,0.1733,0.6359,0.2564,7.3242,4.9494,0,9,353.9801,270.6463,0.8613,0.0000,True,,,,15.6920
0.3000,couzin,8,False,,0.8673,0.1983,0.7206,0.2863,6.9828,4.9895,0,1,260.9150,185.6948,0.7760,0.0000,True,,,,14.1993
0.3000,couzin,9,False,,0.5632,0.1462,0.6552,0.2440,6.8028,4.8255,0,11,406.2448,358.6537,0.8093,0.0000,True,,,,8.2383
0.3000,couzin,10,False,,0.6103,0.1804,0.6359,0.2578,7.3178,4.9564,0,9,325.1295,280.8663,0.7437,0.0000,True,,,,15.5907
0.3000,couzin,11,False,,0.5573,0.1907,0.6403,0.2741,6.5779,3.9166,0,33,366.2809,214.8209,0.9287,0.0000,True,,,,8.4277
0.3000,couzin,12,False,,0.7725,0.1910,0.7043,0.2722,6.9227,4.9188,0,11,277.1484,224.7151,0.7893,0.0000,True,,,,14.7169
0.3000,couzin,13,False,,0.6295,0.1847,0.6502,0.2638,7.1418,5.0000,0,0,241.0695,184.2963,0.7670,0.0000,True,,,,17.7430
0.3000,couzin,14,False,,0.8415,0.1905,0.7222,0.2892,8.1909,4.3721,0,29,239.3226,194.3816,0.9107,0.0000,True,,,,7.9780
0.3000,couzin,15,False,,0.6503,0.1588,0.6956,0.2535,7.7559,4.7515,0,34,318.3222,230.5677,0.8853,0.0000,True,,,,12.5160
0.3000,couzin,16,False,,0.7015,0.1678,0.6896,0.2787,7.9924,4.0618,0,34,320.9799,237.2810,0.8670,0.0000,True,,,,7.9129
0.3000,couzin,17,False,,0.7022,0.1789,0.6682,0.2857,6.7279,4.7021,0,24,321.2987,285.6713,0.8763,0.0000,True,,,,8.3649
0.3000,couzin,18,False,,0.6831,0.1790,0.6753,0.2562,7.6837,4.9996,0,0,330.9782,273.3955,0.8500,0.0000,True,,,,17.6722
0.3000,couzin,19,False,,0.7955,0.2035,0.7010,0.2830,7.1606,4.9763,0,5,323.9247,223.4774,0.8933,0.0000,True,,,,10.6205
0.3000,couzin,20,False,,0.7699,0.1749,0.7252,0.2631,7.2884,4.9875,0,3,247.9192,168.4851,0.8713,0.0000,True,,,,16.8188
0.3000,couzin,21,False,,0.5556,0.1740,0.6184,0.2708,8.7419,4.4934,0,13,276.9719,261.9928,0.7950,0.0000,True,,,,8.4622
0.3000,couzin,22,False,,0.7544,0.1705,0.7026,0.2452,7.2277,5.0000,0,0,364.7387,271.2906,0.7723,0.0000,True,,,,15.9264
0.3000,couzin,23,False,,0.6753,0.1953,0.6732,0.2843,6.7847,4.0472,0,28,258.5775,186.4751,0.8953,0.0000,True,,,,20.6266
0.3000,couzin,24,False,,0.6298,0.1212,0.6761,0.2453,7.2614,0.0000,55,58,428.4311,361.5559,0.8923,0.0000,True,,,,7.9245
0.3000,couzin,25,False,,0.6861,0.1660,0.6958,0.2599,7.0198,4.6165,0,30,310.7439,274.4978,0.8250,0.0000,True,,,,12.8049
0.3000,couzin,26,False,,0.7618,0.1823,0.7087,0.2710,8.1730,4.8677,0,11,241.1814,205.1969,0.7963,0.0000,True,,,,7.8542
0.3000,couzin,27,False,,0.7502,0.1847,0.6954,0.2869,8.7205,4.9698,0,4,283.6367,255.8181,0.9490,0.0000,True,,,,7.3091
0.3000,couzin,28,False,,0.6299,0.1576,0.6717,0.2741,7.8915,4.2157,0,18,338.9499,269.5022,0.8677,0.0000,True,,,,8.1135
0.3000,couzin,29,False,,0.7432,0.1701,0.7080,0.2591,6.7912,4.9465,0,9,281.4204,245.0970,0.8813,0.0000,True,,,,7.8049
0.3000,couzin,30,False,,0.7604,0.1916,0.6920,0.2607,6.8292,5.0000,0,0,299.1292,214.4166,0.8127,0.0000,True,,,,21.4309
0.3000,couzin,31,False,,0.9009,0.2001,0.7491,0.2822,7.7144,5.0000,0,0,221.7695,145.0713,0.7377,0.0000,True,,,,15.9163
0.3000,couzin,32,False,,0.8318,0.1735,0.7481,0.2644,7.7573,4.5153,0,14,238.1094,228.8951,0.9023,0.0000,True,,,,14.8202
0.3000,couzin,33,False,,0.6992,0.1912,0.6959,0.2795,6.8217,4.6536,0,12,327.1520,299.2867,0.8930,0.0000,True,,,,12.7715
0.3000,couzin,34,False,,0.6995,0.2123,0.6614,0.2782,6.9646,4.9999,0,0,246.4216,217.6259,0.8413,0.0000,True,,,,19.2557
0.3000,couzin,35,False,,0.5928,0.1616,0.6696,0.2499,6.7017,4.6433,0,26,334.4599,257.9808,0.8720,0.0000,True,,,,15.1305
0.3000,couzin,36,False,,0.9046,0.2027,0.7445,0.2870,8.7756,4.9468,0,9,180.5948,144.4096,0.7887,0.0000,True,,,,7.5807
0.3000,couzin,37,False,,0.7106,0.1713,0.6796,0.2633,7.3812,4.8418,0,20,315.3018,259.8987,0.8130,0.0000,True,,,,16.1368
0.3000,couzin,38,False,,0.7897,0.1866,0.6917,0.2918,8.6649,0.0000,12,60,242.8152,213.3778,0.8453,0.0000,True,,,,8.9249
0.3000,couzin,39,False,,0.6629,0.1746,0.6794,0.2820,7.1610,4.5994,0,68,304.7914,281.9750,0.8417,0.0000,True,,,,8.4184
0.3000,couzin,40,False,,0.5334,0.2140,0.6050,0.2866,6.9273,4.5217,0,21,262.7569,200.8152,0.8153,0.0000,True,,,,8.0898
0.3000,couzin,41,False,,0.8575,0.1805,0.7673,0.2586,6.8962,5.0000,0,0,253.9456,211.2425,0.8070,0.0000,True,,,,17.3639
0.3000,couzin,42,False,,0.8926,0.1921,0.7497,0.2714,7.8904,4.9905,0,0,264.1141,180.9944,0.8130,0.0000,True,,,,11.0799
0.3000,couzin,43,False,,0.8406,0.2055,0.7240,0.2753,7.5266,5.0000,0,0,241.5250,195.7882,0.8997,0.0000,True,,,,16.1805
0.3000,couzin,44,False,,0.7935,0.2003,0.7019,0.2813,7.2670,4.5200,0,14,230.6489,196.8909,0.8277,0.0000,True,,,,7.9178
0.3000,couzin,45,False,,0.7543,0.1901,0.6940,0.2691,6.9474,5.0000,0,0,233.6495,177.3180,0.8937,0.0000,True,,,,7.7271
0.3000,couzin,46,False,,0.4443,0.1486,0.5996,0.2727,7.4462,0.0000,167,280,419.7176,371.3493,0.8807,0.0000,True,,,,9.9216
0.3000,couzin,47,False,,0.8285,0.1905,0.7114,0.2721,6.9459,4.9665,0,11,263.6729,204.3179,0.8107,0.0000,True,,,,17.1728
0.3000,couzin,48,False,,0.7412,0.1651,0.7246,0.2559,8.3166,4.9577,0,14,411.7042,310.2944,0.8180,0.0000,True,,,,8.3370
0.3000,couzin,49,False,,0.8454,0.2050,0.7206,0.2830,8.4110,4.0114,0,28,223.9559,177.4230,0.7937,0.0000,True,,,,7.9810
0.3000,couzin,50,False,,0.5667,0.1554,0.6525,0.2675,7.2419,0.0000,22,111,398.8965,366.0998,0.9110,0.0000,True,,,,9.0677
0.3000,couzin,51,False,,0.6992,0.1846,0.6953,0.2751,7.0568,4.8720,0,46,415.7921,316.7463,0.8567,0.0000,True,,,,8.2140
0.3000,couzin,52,False,,0.7096,0.1885,0.6809,0.2800,7.8596,4.5936,0,26,284.7552,253.0382,0.8063,0.0000,True,,,,7.6779
0.3000,couzin,53,False,,0.5873,0.1854,0.6273,0.2902,7.7771,4.9701,0,15,482.5297,364.0419,0.9430,0.0000,True,,,,8.6014
0.3000,couzin,54,False,,0.5954,0.1378,0.6809,0.2386,7.1119,4.7957,0,12,415.8953,366.8252,0.8760,0.0000,True,,,,19.1398
0.3000,couzin,55,False,,0.8072,0.1852,0.7293,0.2710,7.2919,4.7076,0,28,238.2140,221.1973,0.8523,0.0000,True,,,,14.4160
0.3000,couzin,56,False,,0.6250,0.2009,0.6550,0.2862,6.9599,4.6711,0,32,298.8571,287.3772,0.8433,0.0000,True,,,,9.5178
0.3000,couzin,57,False,,0.8828,0.2012,0.7352,0.2962,7.0531,4.0080,0,16,217.6136,188.6763,0.8940,0.0000,True,,,,7.8118
0.3000,couzin,58,False,,0.7441,0.1585,0.7312,0.2533,7.1719,4.9885,0,3,544.6994,369.8667,0.9003,0.0000,True,,,,10.0354
0.3000,couzin,59,False,,0.7333,0.2138,0.6596,0.2947,7.0755,4.9790,0,7,293.7285,236.3107,0.8490,0.0000,True,,,,10.6932
0.3000,couzin,60,False,,0.8778,0.2069,0.7285,0.2740,6.9605,4.9923,0,0,196.8344,147.7883,0.7887,0.0000,True,,,,20.3323
0.3000,couzin,61,False,,0.5814,0.1611,0.6651,0.2600,7.4097,4.8666,0,12,358.3054,290.4631,0.9760,0.0000,True,,,,7.5622
0.3000,couzin,62,False,,0.8005,0.2072,0.6879,0.2839,7.0652,4.9871,0,2,230.0103,157.2204,0.6667,0.0000,True,,,,18.6988
0.3000,couzin,63,False,,0.6078,0.1768,0.6451,0.2665,7.3251,4.7305,0,23,385.7237,320.9234,0.8603,0.0000,True,,,,9.0664
0.3000,couzin,64,False,,0.7342,0.2012,0.6837,0.2844,7.3660,4.5537,0,22,224.6085,214.2133,0.8627,0.0000,True,,,,7.7778
0.3000,couzin,65,False,,0.6252,0.1764,0.6530,0.2698,7.3021,4.9996,0,0,372.4705,288.4233,0.8537,0.0000,True,,,,16.2731
0.3000,couzin,66,False,,0.7800,0.1869,0.7089,0.2960,6.9690,3.8355,0,104,240.7212,171.7014,0.8380,0.0000,True,,,,8.1913
0.3000,couzin,67,False,,0.6784,0.1717,0.6841,0.2691,7.8449,0.0000,1,15,386.0323,298.3037,0.8060,0.0000,True,,,,7.8934
0.3000,couzin,68,False,,0.9142,0.1898,0.7842,0.2737,7.2978,4.9712,0,7,238.0992,174.2206,0.8347,0.0000,True,,,,16.6261
0.3000,couzin,69,False,,0.5170,0.1636,0.6349,0.2479,6.8985,5.0000,0,0,377.3784,290.6302,0.8563,0.0000,True,,,,18.6514
0.3000,couzin,70,False,,0.6126,0.1782,0.6749,0.2726,6.8744,0.0000,15,35,326.0548,297.9044,0.8490,0.0000,True,,,,8.7589
0.3000,couzin,71,False,,0.7162,0.1875,0.6777,0.2870,8.7564,4.9466,0,35,347.5217,243.8725,0.8143,0.0000,True,,,,7.5569
0.3000,couzin,72,True,2571.0000,0.9794,0.2429,0.8208,0.3121,7.1026,4.0431,0,18,133.1724,104.7327,0.6886,0.0000,False,,,,20.6317
0.3000,couzin,73,False,,0.8072,0.1859,0.7060,0.2733,7.3027,4.9308,0,7,287.3657,229.4133,0.8720,0.0000,True,,,,16.9620
0.3000,couzin,74,False,,0.8836,0.1869,0.7521,0.2970,8.3980,4.8450,0,22,253.2168,210.2585,0.9537,0.0000,True,,,,11.2858
0.3000,couzin,75,False,,0.7651,0.1868,0.7205,0.2723,7.1532,4.1533,0,54,278.0210,196.4599,0.7960,0.0000,True,,,,10.5587
0.3000,couzin,76,False,,0.8659,0.1852,0.7562,0.2671,7.0167,5.0000,0,0,212.9615,171.8179,0.8527,0.0000,True,,,,16.3472
0.3000,couzin,77,False,,0.7213,0.1594,0.7157,0.2654,7.4272,4.1755,0,62,302.7959,266.5808,0.8030,0.0000,True,,,,11.6061
0.3000,couzin,78,False,,0.6892,0.1648,0.6817,0.2700,7.1773,4.2838,0,30,335.2043,290.7599,0.8933,0.0000,True,,,,8.2595
0.3000,couzin,79,False,,0.7251,0.1818,0.6988,0.2721,6.7108,3.6512,0,50,244.0760,201.2766,0.8270,0.0000,True,,,,15.3384
0.3000,couzin,80,False,,0.7590,0.1782,0.7101,0.2672,7.6047,4.5082,0,24,296.0270,226.1530,0.8733,0.0000,True,,,,7.6788
0.3000,couzin,81,False,,0.7550,0.2223,0.6673,0.2885,7.0394,4.8564,0,11,227.9686,188.0712,0.7157,0.0000,True,,,,10.8126
0.3000,couzin,82,False,,0.4945,0.1572,0.6284,0.2525,7.0130,4.4995,0,28,356.3689,336.1859,0.8283,0.0000,True,,,,7.9213
0.3000,couzin,83,False,,0.7144,0.1585,0.7126,0.2421,6.9566,4.7700,0,13,343.0331,317.9283,0.8770,0.0000,True,,,,18.3710
0.3000,couzin,84,False,,0.7839,0.1699,0.7344,0.2587,6.8821,5.0000,0,0,294.5563,260.0333,0.8647,0.0000,True,,,,14.4752
0.3000,couzin,85,False,,0.7549,0.1877,0.7030,0.2774,8.1807,4.9613,0,16,302.6637,242.1089,0.8347,0.0000,True,,,,7.4247
0.3000,couzin,86,False,,0.8914,0.2261,0.7095,0.2881,6.9975,4.8595,0,11,145.0955,114.5873,0.6453,0.0000,True,,,,18.3015
0.3000,couzin,87,False,,0.6893,0.1650,0.7026,0.2583,7.2129,4.5169,0,29,284.6966,270.3634,0.8683,0.0000,True,,,,18.0760
0.3000,couzin,88,False,,0.8918,0.2101,0.7383,0.2888,7.2425,4.9053,0,11,173.8606,147.8500,0.7677,0.0000,True,,,,12.6428
0.3000,couzin,89,False,,0.9076,0.2028,0.7346,0.2833,7.2267,4.9733,0,7,244.3662,175.4509,0.9173,0.0000,True,,,,17.6646
0.3000,couzin,90,False,,0.7946,0.1990,0.7256,0.2825,7.7841,4.6764,0,26,286.3644,260.1785,0.8663,0.0000,True,,,,12.1481
0.3000,couzin,91,False,,0.8284,0.2068,0.7055,0.2885,7.6304,4.8246,0,31,244.9880,195.4602,0.8757,0.0000,True,,,,7.7115
0.3000,couzin,92,False,,0.8888,0.1955,0.7440,0.2824,6.9665,4.5008,0,33,202.4270,179.2279,0.8640,0.0000,True,,,,19.5953
0.3000,couzin,93,False,,0.4521,0.1560,0.6133,0.2395,6.7792,5.0000,0,0,362.5128,340.3815,0.9027,0.0000,True,,,,20.6248
0.3000,couzin,94,False,,0.6175,0.1553,0.6502,0.2529,6.9715,4.7921,0,12,351.7832,308.0695,0.8453,0.0000,True,,,,18.2699
0.3000,couzin,95,False,,0.6235,0.1702,0.6733,0.2752,7.9284,3.5945,0,46,414.2651,240.9992,0.8810,0.0000,True,,,,8.0721
0.3000,couzin,96,False,,0.9015,0.2258,0.7269,0.3027,8.5209,4.6218,0,16,160.9271,149.2517,0.7977,0.0000,True,,,,7.5760
0.3000,couzin,97,False,,0.9243,0.2112,0.7520,0.2989,7.9902,4.8283,0,33,191.2830,135.3252,0.8567,0.0000,True,,,,7.9124
0.3000,couzin,98,False,,0.3829,0.1669,0.5744,0.2554,6.8917,4.9007,0,11,369.6614,230.2523,0.8330,0.0000,True,,,,18.1519
0.3000,couzin,99,False,,0.6581,0.1775,0.6861,0.2674,7.1486,3.9780,0,68,309.8908,236.4913,0.8457,0.0000,True,,,,7.8229
0.3000,pacnav,0,True,1824.0000,0.9790,0.7144,0.9155,0.3722,9.1190,4.9976,0,0,85.0328,53.5214,0.2389,0.0012,False,,,,34.3243
0.3000,pacnav,1,True,2075.0000,0.9752,0.6844,0.8721,0.3603,8.7395,4.9199,0,9,101.0110,57.6682,0.3044,0.0002,False,,,,25.3426
0.3000,pacnav,2,True,1822.0000,0.9890,0.7377,0.9520,0.3618,9.2873,5.0000,0,0,74.0896,49.1021,0.0642,0.0013,False,,,,35.4499
0.3000,pacnav,3,True,1989.0000,0.9849,0.6644,0.8745,0.3602,8.6588,4.9309,0,9,113.2479,52.1243,0.4905,0.0014,False,,,,29.4928
0.3000,pacnav,4,False,1973.0000,0.9798,0.6691,0.8949,0.3565,8.5723,0.0000,3,13,94.1358,48.1709,0.1834,0.0005,False,,,,34.1454
0.3000,pacnav,5,True,2170.0000,0.9813,0.6354,0.8750,0.3322,9.1055,5.0000,0,0,105.4788,49.3152,0.6416,0.0009,False,,,,31.5459
0.3000,pacnav,6,True,1805.0000,0.9821,0.7182,0.9298,0.3745,8.9347,5.0000,0,0,73.0318,47.9210,0.2110,0.0006,False,,,,31.0787
0.3000,pacnav,7,True,1900.0000,0.9794,0.6968,0.9069,0.3655,8.2358,5.0000,0,0,110.5706,62.2654,0.4713,0.0020,False,,,,38.0926
0.3000,pacnav,8,True,1956.0000,0.9867,0.6534,0.9100,0.3681,8.5114,4.4881,0,43,90.1356,45.0364,0.3929,0.0012,False,,,,35.7674
0.3000,pacnav,9,True,1944.0000,0.9758,0.6590,0.8886,0.3524,8.4357,5.0000,0,0,87.4015,49.4433,0.0766,0.0007,False,,,,33.3986
0.3000,pacnav,10,True,1977.0000,0.9851,0.6960,0.9095,0.3480,9.4286,5.0000,0,0,95.0988,50.8616,0.5480,0.0010,False,,,,32.5881
0.3000,pacnav,11,True,1890.0000,0.9817,0.7189,0.8899,0.3712,8.7924,4.9283,0,11,104.8980,58.6820,0.7218,0.0001,False,,,,33.1576
0.3000,pacnav,12,True,1782.0000,0.9921,0.7404,0.9416,0.3753,9.1542,5.0000,0,0,71.7123,44.5138,0.0589,0.0020,False,,,,35.0092
0.3000,pacnav,13,True,2085.0000,0.9872,0.6600,0.9069,0.3375,9.0022,4.9656,0,5,112.7876,49.7878,0.7517,0.0003,False,,,,32.7042
0.3000,pacnav,14,True,1943.0000,0.9748,0.7496,0.9275,0.3528,9.7715,4.9973,0,0,69.5212,44.8165,0.0880,0.0009,False,,,,32.8851
0.3000,pacnav,15,True,2026.0000,0.9879,0.6666,0.8995,0.3568,8.6411,4.7885,0,21,104.2440,51.2555,0.4780,0.0000,False,,,,34.4104
0.3000,pacnav,16,True,1707.0000,0.9764,0.7499,0.9371,0.3918,9.0593,5.0000,0,0,79.1487,45.1498,0.3829,0.0031,False,,,,35.2723
0.3000,pacnav,17,False,2207.0000,0.9795,0.6117,0.8491,0.3507,8.3164,0.0000,16,126,100.7723,51.0592,0.5358,0.0001,False,,,,33.1874
0.3000,pacnav,18,True,2067.0000,0.9812,0.6740,0.8683,0.3595,8.7583,4.9986,0,0,136.1289,57.7615,0.6219,0.0034,False,,,,34.9568
0.3000,pacnav,19,True,1960.0000,0.9799,0.6866,0.9244,0.3451,9.2163,5.0000,0,0,71.3279,48.7452,0.0092,0.0003,False,,,,32.4776
0.3000,pacnav,20,True,2007.0000,0.9858,0.6104,0.8951,0.3676,8.1878,4.4044,0,33,116.4136,51.8616,0.5896,0.0000,False,,,,32.7444
0.3000,pacnav,21,True,2013.0000,0.9899,0.6309,0.8841,0.3528,8.1548,4.9975,0,0,126.9625,61.6778,0.7925,0.0002,False,,,,36.6616
0.3000,pacnav,22,True,2073.0000,0.9902,0.6604,0.8969,0.3446,8.5521,4.7211,0,23,109.0331,47.7600,0.6090,0.0002,False,,,,38.2177
0.3000,pacnav,23,True,1711.0000,0.9867,0.7366,0.9559,0.3835,9.2345,5.0000,0,0,73.0430,49.6466,0.3265,0.0000,False,,,,38.0307
0.3000,pacnav,24,True,1877.0000,0.9887,0.7828,0.9491,0.3535,9.5311,5.0000,0,0,82.9432,61.8625,0.3839,0.0000,False,,,,31.3846
0.3000,pacnav,25,False,,0.8021,0.5012,0.6935,0.2929,7.7842,4.1724,0,31,100.1256,63.7957,0.5567,0.0015,True,,,,34.8812
0.3000,pacnav,26,True,1982.0000,0.9905,0.7068,0.9327,0.3421,9.4276,5.0000,0,0,74.6189,50.0229,0.4463,0.0007,False,,,,35.3483
0.3000,pacnav,27,True,1862.0000,0.9765,0.7354,0.9383,0.3528,9.1149,5.0000,0,0,62.1499,43.3084,0.0231,0.0007,False,,,,36.7454
0.3000,pacnav,28,True,2006.0000,0.9905,0.6415,0.9209,0.3477,8.8244,4.5869,0,14,105.6748,49.1865,0.5620,0.0003,False,,,,35.3310
0.3000,pacnav,29,True,1869.0000,0.9777,0.7477,0.9260,0.3587,9.4829,5.0000,0,0,73.7386,56.2719,0.3594,0.0020,False,,,,32.6479
0.3000,pacnav,30,True,1872.0000,0.9817,0.7186,0.9375,0.3562,9.1513,5.0000,0,0,60.1436,43.0105,0.0390,0.0003,False,,,,35.0015
0.3000,pacnav,31,True,1877.0000,0.9821,0.6728,0.9325,0.3544,9.0625,5.0000,0,0,77.5465,46.2168,0.3307,0.0015,False,,,,35.1021
0.3000,pacnav,32,True,2071.0000,0.9801,0.6598,0.8863,0.3481,8.2925,5.0000,0,0,110.2403,49.1975,0.6612,0.0014,False,,,,38.7886
0.3000,pacnav,33,True,1835.0000,0.9797,0.7359,0.9337,0.3645,9.0268,5.0000,0,0,74.1479,49.0147,0.0202,0.0007,False,,,,33.4552
0.3000,pacnav,34,True,2063.0000,0.9854,0.6334,0.9038,0.3337,8.9830,5.0000,0,0,111.9750,64.5582,0.6105,0.0003,False,,,,35.4212
0.3000,pacnav,35,False,,0.3376,0.3354,0.5634,0.3108,6.7911,3.5013,0,109,361.3630,215.9720,0.8670,0.0006,True,,,,32.3391
0.3000,pacnav,36,True,2090.0000,0.9802,0.6193,0.8753,0.3519,8.2701,3.5305,0,47,151.0139,72.6453,0.8656,0.0047,False,,,,36.1073
0.3000,pacnav,37,True,1990.0000,0.9759,0.7015,0.8963,0.3474,8.7657,5.0000,0,0,97.1362,53.3695,0.0758,0.0005,False,,,,35.9182
0.3000,pacnav,38,False,2092.0000,0.9816,0.6838,0.8695,0.3473,8.8862,0.0000,3,6,130.0609,55.7732,0.7797,0.0014,False,,,,33.8252
0.3000,pacnav,39,True,2090.0000,0.9796,0.6259,0.8768,0.3398,8.6508,5.0000,0,0,108.2843,56.1042,0.7116,0.0004,False,,,,35.3798
0.3000,pacnav,40,True,1937.0000,0.9882,0.6885,0.8853,0.3727,8.4630,4.6535,0,14,111.7967,49.8686,0.6971,0.0014,False,,,,36.4877
0.3000,pacnav,41,True,1938.0000,0.9748,0.6636,0.9005,0.3510,8.5817,5.0000,0,0,97.0949,51.8738,0.2022,0.0020,False,,,,36.6487
0.3000,pacnav,42,True,2018.0000,0.9872,0.6295,0.8902,0.3506,8.1483,4.9047,0,12,107.8724,50.3783,0.4547,0.0013,False,,,,35.5267
0.3000,pacnav,43,True,1946.0000,0.9868,0.7721,0.9515,0.3422,9.7672,4.5618,0,24,72.3887,53.8305,0.0082,0.0000,False,,,,29.1990
0.3000,pacnav,44,True,1798.0000,0.9961,0.7348,0.9321,0.3765,9.0191,5.0000,0,0,81.0928,52.9737,0.0650,0.0021,False,,,,35.2654
0.3000,pacnav,45,True,1773.0000,0.9807,0.7756,0.9524,0.3712,9.3356,5.0000,0,0,58.8062,45.0801,0.2452,0.0000,False,,,,35.1808
0.3000,pacnav,46,True,1891.0000,0.9778,0.7381,0.9426,0.3497,9.9380,5.0000,0,0,64.3823,48.9945,0.0788,0.0013,False,,,,33.5657
0.3000,pacnav,47,True,2062.0000,0.9835,0.6358,0.9011,0.3290,8.7826,5.0000,0,0,101.6553,46.7844,0.6205,0.0001,False,,,,33.4846
0.3000,pacnav,48,True,1909.0000,0.9878,0.7277,0.9484,0.3464,9.8637,5.0000,0,0,94.4301,60.6721,0.5853,0.0000,False,,,,29.6205
0.3000,pacnav,49,True,2048.0000,0.9792,0.7010,0.9129,0.3406,8.8547,4.5604,0,13,81.6495,45.6420,0.0102,0.0003,False,,,,34.2971
0.3000,pacnav,50,True,1894.0000,0.9765,0.6872,0.9066,0.3619,8.6000,5.0000,0,0,74.6642,42.6690,0.3641,0.0018,False,,,,37.9783
0.3000,pacnav,51,False,1908.0000,0.9739,0.6907,0.9203,0.3557,9.1277,0.0000,3,5,72.5606,47.1421,0.0948,0.0012,False,,,,35.1849
0.3000,pacnav,52,True,1722.0000,0.9817,0.7594,0.9604,0.3772,9.2084,5.0000,0,0,109.5724,54.9897,0.4980,0.0000,False,,,,37.6571
0.3000,pacnav,53,True,1849.0000,0.9749,0.6868,0.9138,0.3734,9.0462,4.7430,0,13,61.0270,42.0122,0.1314,0.0009,False,,,,37.4190
0.3000,pacnav,54,True,1895.0000,0.9828,0.7402,0.9384,0.3554,9.2945,4.9690,0,7,103.9991,57.2939,0.6440,0.0014,False,,,,33.4656
0.3000,pacnav,55,True,2064.0000,0.9796,0.6644,0.8822,0.3537,8.4506,4.9379,0,16,121.3014,49.5911,0.6576,0.0002,False,,,,37.1875
0.3000,pacnav,56,True,1889.0000,0.9905,0.6772,0.9425,0.3509,9.0100,5.0000,0,0,74.6779,47.4138,0.1127,0.0009,False,,,,32.2851
0.3000,pacnav,57,True,1817.0000,0.9858,0.7872,0.9416,0.3716,9.4485,4.3186,0,15,102.8970,69.1036,0.4213,0.0008,False,,,,35.5342
0.3000,pacnav,58,True,1954.0000,0.9815,0.6606,0.9088,0.3560,9.0089,4.9958,0,0,83.2087,47.2005,0.1151,0.0004,False,,,,35.2547
0.3000,pacnav,59,False,2323.0000,0.9647,0.5558,0.8089,0.3405,7.8732,0.0000,210,210,110.3627,47.4930,0.6941,0.0015,True,,,,34.1100
0.3000,pacnav,60,True,2067.0000,0.9793,0.6676,0.8937,0.3410,8.7158,4.8699,0,10,122.1417,53.0920,0.7147,0.0001,False,,,,38.2530
0.3000,pacnav,61,True,1894.0000,0.9911,0.7001,0.9120,0.3743,8.8655,3.7180,0,58,87.2187,49.0788,0.2433,0.0009,False,,,,38.3200
0.3000,pacnav,62,True,1980.0000,0.9878,0.6600,0.9336,0.3419,8.8282,4.9724,0,3,75.0372,43.1433,0.0369,0.0006,False,,,,38.2741
0.3000,pacnav,63,True,2082.0000,0.9950,0.6487,0.9056,0.3444,8.6485,3.8350,0,39,96.9914,51.4174,0.3999,0.0004,False,,,,37.0097
0.3000,pacnav,64,True,1961.0000,0.9768,0.7120,0.9172,0.3480,8.9999,5.0000,0,0,94.0720,50.9934,0.4873,0.0014,False,,,,34.7666
0.3000,pacnav,65,True,2047.0000,0.9760,0.7007,0.9163,0.3333,9.5872,5.0000,0,0,90.0889,58.7254,0.3550,0.0000,False,,,,27.6356
0.3000,pacnav,66,True,1936.0000,0.9849,0.7520,0.9468,0.3473,10.0201,4.9406,0,9,71.1543,45.6232,0.1420,0.0007,False,,,,33.2455
0.3000,pacnav,67,True,1892.0000,0.9807,0.7284,0.9213,0.3642,9.3436,4.9632,0,6,99.2077,60.5468,0.6910,0.0012,False,,,,37.1828
0.3000,pacnav,68,True,1841.0000,0.9879,0.7403,0.9520,0.3587,9.3170,5.0000,0,0,64.7357,43.7164,0.0152,0.0000,False,,,,34.5414
0.3000,pacnav,69,True,1905.0000,0.9812,0.7144,0.9303,0.3526,9.0250,5.0000,0,0,67.8304,44.6490,0.2712,0.0012,False,,,,37.2448
0.3000,pacnav,70,True,1949.0000,0.9880,0.6953,0.9365,0.3441,9.4660,5.0000,0,0,78.8350,52.5812,0.1574,0.0011,False,,,,34.4821
0.3000,pacnav,71,True,1944.0000,0.9961,0.6862,0.9153,0.3638,8.7437,3.4648,0,36,87.4581,45.6483,0.2272,0.0021,False,,,,35.3484
0.3000,pacnav,72,True,2089.0000,0.9899,0.6516,0.8850,0.3490,8.5341,4.9845,0,5,131.4883,58.7950,0.7593,0.0000,False,,,,32.7737
0.3000,pacnav,73,True,1941.0000,0.9888,0.7276,0.9203,0.3554,9.3533,4.9901,0,0,77.0529,50.1902,0.1869,0.0009,False,,,,35.0386
0.3000,pacnav,74,True,1874.0000,0.9829,0.7018,0.9252,0.3624,9.2586,5.0000,0,0,100.2941,53.1498,0.6037,0.0014,False,,,,35.5937
0.3000,pacnav,75,True,2003.0000,0.9894,0.6946,0.9140,0.3471,8.8112,3.9788,0,17,90.6052,48.2323,0.2899,0.0012,False,,,,35.0977
0.3000,pacnav,76,True,1836.0000,0.9877,0.6542,0.9150,0.3749,8.2478,5.0000,0,0,77.9263,42.8002,0.0806,0.0027,False,,,,35.4060
0.3000,pacnav,77,True,1794.0000,0.9834,0.7022,0.9445,0.3714,9.0293,5.0000,0,0,69.9464,46.7578,0.2234,0.0025,False,,,,39.8574
0.3000,pacnav,78,False,,0.6827,0.3770,0.6695,0.2734,7.0566,4.4385,0,14,186.4807,122.1836,0.7857,0.0022,True,,,,36.4821
0.3000,pacnav,79,True,1838.0000,0.9853,0.7443,0.9393,0.3674,9.0515,4.6955,0,13,78.9219,49.3465,0.4334,0.0005,False,,,,39.9460
0.3000,pacnav,80,True,2027.0000,0.9808,0.6194,0.8863,0.3607,8.5586,4.7884,0,28,102.7017,46.4792,0.5986,0.0020,False,,,,36.0041
0.3000,pacnav,81,True,1872.0000,0.9827,0.6991,0.9232,0.3643,8.8428,4.9966,0,0,77.5727,43.4467,0.1986,0.0005,False,,,,38.1101
0.3000,pacnav,82,True,1872.0000,0.9770,0.7146,0.9553,0.3466,9.7332,5.0000,0,0,99.0242,62.6287,0.4367,0.0000,False,,,,33.5462
0.3000,pacnav,83,True,1733.0000,0.9811,0.7628,0.9548,0.3784,9.3745,5.0000,0,0,53.5086,40.6974,0.0000,0.0000,False,,,,40.0767
0.3000,pacnav,84,True,1847.0000,0.9908,0.7174,0.9293,0.3674,8.9953,5.0000,0,0,119.7279,60.0707,0.7511,0.0017,False,,,,37.4846
0.3000,pacnav,85,True,2003.0000,0.9869,0.6994,0.9206,0.3455,9.1181,4.9027,0,11,84.6792,42.5575,0.3044,0.0007,False,,,,33.7490
0.3000,pacnav,86,True,1944.0000,0.9754,0.7138,0.9202,0.3480,9.1250,5.0000,0,0,76.5680,46.8166,0.1815,0.0009,False,,,,33.1981
0.3000,pacnav,87,True,1914.0000,0.9800,0.6549,0.9524,0.3410,9.2347,5.0000,0,0,56.7135,44.5500,0.0235,0.0000,False,,,,36.7370
0.3000,pacnav,88,True,2038.0000,0.9749,0.6613,0.8845,0.3429,8.6014,5.0000,0,0,72.3668,46.6440,0.3629,0.0009,False,,,,38.7694
0.3000,pacnav,89,True,1946.0000,0.9837,0.7221,0.9484,0.3409,9.7694,5.0000,0,0,84.6633,58.5276,0.4746,0.0006,False,,,,33.8385
0.3000,pacnav,90,True,1955.0000,0.9738,0.7183,0.9232,0.3438,9.4841,5.0000,0,0,82.8191,55.2702,0.4673,0.0007,False,,,,35.6833
0.3000,pacnav,91,True,2073.0000,0.9841,0.6379,0.8850,0.3412,8.3706,5.0000,0,0,128.0830,49.1094,0.6880,0.0018,False,,,,39.6662
0.3000,pacnav,92,True,2010.0000,0.9775,0.7019,0.8994,0.3452,9.1858,5.0000,0,0,99.9522,55.2504,0.5659,0.0020,False,,,,34.1416
0.3000,pacnav,93,True,1857.0000,0.9772,0.7466,0.9326,0.3664,9.3339,4.9790,0,3,87.7811,66.0990,0.3348,0.0007,False,,,,34.0923
0.3000,pacnav,94,True,1773.0000,0.9777,0.7669,0.9454,0.3737,9.0852,5.0000,0,0,120.3884,57.3462,0.6821,0.0023,False,,,,37.0681
0.3000,pacnav,95,False,,0.5460,0.2716,0.6627,0.2392,6.8658,5.0000,0,0,298.8424,196.6629,0.8183,0.0002,True,,,,35.6172
0.3000,pacnav,96,True,1938.0000,0.9837,0.6546,0.8973,0.3571,8.4118,4.7482,0,12,105.1614,49.3704,0.6452,0.0012,False,,,,41.5271
0.3000,pacnav,97,True,2063.0000,0.9828,0.6533,0.9105,0.3306,8.8520,5.0000,0,0,112.5796,61.5744,0.6265,0.0001,False,,,,38.7021
0.3000,pacnav,98,True,2062.0000,0.9778,0.6458,0.8751,0.3559,8.4019,4.8942,0,21,120.7093,54.7433,0.6146,0.0006,False,,,,34.6604
0.3000,pacnav,99,True,2005.0000,0.9916,0.6914,0.9150,0.3550,8.9869,4.1194,0,37,84.6294,45.1390,0.2931,0.0015,False,,,,34.5449
