goal_drift,n_agents,informed_fraction,method,seed,success,completion_time,mission_progress,order,heading_accuracy,cluster_velocity_ratio,min_distance_mean,min_distance_overall,collisions,safety_breaches,swarm_radius,mean_pair_distance,fragmented_fraction,isolated_fraction,fragmented_at_end,election_time,unique_leader_fraction,post_arrival_breaches,single_leader_at_end,leader_changes,arrival_radius,runtime_s
0.0100,30,0.3000,cb-ele,0,True,1212.0000,0.9863,0.8815,0.9429,0.5444,8.5313,5.0000,0,0,81.2853,45.9714,0.1566,0.0000,False,89.0000,0.4386,0.0000,True,17.0000,60.0000,27.9475
0.0100,30,0.3000,cb-ele,1,True,1311.0000,0.9793,0.8679,0.9342,0.5155,8.7380,5.0000,0,0,54.6221,36.3569,0.1258,0.0000,False,71.0000,0.9154,0.0000,True,11.0000,60.0000,29.6154
0.0100,30,0.3000,cb-ele,2,True,1317.0000,0.9815,0.8972,0.9598,0.5007,8.2863,5.0000,0,0,42.2961,31.1561,0.0000,0.0000,False,74.0000,0.9158,0.0000,True,10.0000,60.0000,27.8883
0.0100,30,0.3000,cb-ele,3,True,1326.0000,0.9697,0.9147,0.9474,0.5009,8.1107,5.0000,0,0,40.6225,31.1803,0.0000,0.0000,False,92.0000,0.9013,0.0000,True,17.0000,60.0000,28.2904
0.0100,30,0.3000,cb-ele,4,True,1387.0000,0.9804,0.8610,0.9562,0.4754,9.3410,5.0000,0,0,50.0931,35.5399,0.0022,0.0000,False,175.0000,0.8429,0.0000,True,14.0000,60.0000,28.1261
0.0100,30,0.3000,cb-ele,5,True,1321.0000,0.9822,0.8932,0.9553,0.4997,8.5088,5.0000,0,0,54.7259,36.3626,0.0053,0.0000,False,85.0000,0.4455,0.0000,False,15.0000,60.0000,27.0566
0.0100,30,0.3000,cb-ele,6,True,1436.0000,0.9692,0.8455,0.9024,0.4863,9.1740,5.0000,0,0,74.1296,43.6103,0.2554,0.0000,False,726.0000,0.5003,0.0000,True,15.0000,60.0000,26.7432
0.0100,30,0.3000,cb-ele,7,True,1097.0000,0.9811,0.8713,0.9184,0.6135,8.8196,5.0000,0,0,79.9225,47.3347,0.2441,0.0000,False,89.0000,0.4608,0.0000,True,15.0000,60.0000,27.6956
0.0100,30,0.3000,cb-ele,8,True,1235.0000,0.9698,0.8839,0.9448,0.5294,8.9444,5.0000,0,0,41.7635,32.7837,0.0000,0.0000,False,69.0000,0.4951,0.0000,False,12.0000,60.0000,25.9472
0.0100,30,0.3000,cb-ele,9,True,1380.0000,0.9776,0.8595,0.9619,0.4708,9.2434,5.0000,0,0,41.0687,33.4207,0.0000,0.0000,False,81.0000,0.8921,0.0000,True,15.0000,60.0000,28.4972
0.0100,30,0.3000,couzin,0,True,1398.0000,0.9809,0.5425,0.9244,0.4736,9.8768,5.0000,0,0,63.1150,47.0023,0.0000,0.0000,False,,,0.0000,,,60.0000,19.7378
0.0100,30,0.3000,couzin,1,True,1369.0000,0.9813,0.5440,0.9274,0.4835,9.5875,5.0000,0,0,55.5917,42.1258,0.0000,0.0000,False,,,0.0000,,,60.0000,9.1698
0.0100,30,0.3000,couzin,2,True,1412.0000,0.9852,0.5295,0.9268,0.4728,9.6750,5.0000,0,0,62.7606,45.6173,0.0000,0.0000,False,,,64.0000,,,60.0000,10.2045
0.0100,30,0.3000,couzin,3,True,1398.0000,0.9810,0.5358,0.9267,0.4748,9.6125,5.0000,0,0,60.1243,43.5604,0.0000,0.0000,False,,,0.0000,,,60.0000,8.4846
0.0100,30,0.3000,couzin,4,True,1487.0000,0.9799,0.5079,0.8995,0.4492,9.7258,5.0000,0,0,64.1881,47.9019,0.0000,0.0000,False,,,30.0000,,,60.0000,8.8293
0.0100,30,0.3000,couzin,5,True,1417.0000,0.9754,0.5470,0.9001,0.4723,9.6598,5.0000,0,0,66.7509,50.2856,0.0000,0.0000,False,,,0.0000,,,60.0000,8.8415
0.0100,30,0.3000,couzin,6,True,1344.0000,0.9785,0.5716,0.9194,0.4957,9.7945,5.0000,0,0,64.6506,46.9321,0.0000,0.0000,False,,,20.0000,,,60.0000,8.4554
0.0100,30,0.3000,couzin,7,True,1460.0000,0.9796,0.5171,0.9101,0.4555,9.4029,5.0000,0,0,64.6724,48.4648,0.0000,0.0000,False,,,0.0000,,,60.0000,16.7120
0.0100,30,0.3000,couzin,8,True,1396.0000,0.9796,0.5558,0.9130,0.4730,9.8480,5.0000,0,0,63.6437,47.7441,0.0000,0.0000,False,,,0.0000,,,60.0000,13.8069
0.0100,30,0.3000,couzin,9,True,1435.0000,0.9784,0.5312,0.9045,0.4662,9.4364,5.0000,0,0,68.0499,49.8864,0.0000,0.0000,False,,,16.0000,,,60.0000,9.8571
0.0100,30,0.3000,pacnav,0,True,1933.0000,0.9772,0.6773,0.9083,0.3580,8.8711,5.0000,0,0,88.5582,52.0398,0.4886,0.0009,False,,,9.0000,,,60.0000,26.4806
0.0100,30,0.3000,pacnav,1,True,1891.0000,0.9840,0.6906,0.9167,0.3625,9.0319,4.9607,0,11,72.2952,45.0706,0.1971,0.0007,False,,,0.0000,,,60.0000,28.5958
0.0100,30,0.3000,pacnav,2,True,1876.0000,0.9894,0.7105,0.9470,0.3557,9.3998,4.9996,0,0,63.9273,43.6055,0.0453,0.0010,False,,,35.0000,,,60.0000,31.4384
0.0100,30,0.3000,pacnav,3,True,1818.0000,0.9749,0.7031,0.9427,0.3611,9.3820,5.0000,0,0,128.3281,67.1810,0.7686,0.0036,False,,,0.0000,,,60.0000,26.3757
0.0100,30,0.3000,pacnav,4,True,1799.0000,0.9819,0.6952,0.9405,0.3676,9.0680,5.0000,0,0,67.4782,41.3019,0.2500,0.0017,False,,,9.0000,,,60.0000,37.5432
0.0100,30,0.3000,pacnav,5,False,,0.8728,0.5849,0.7207,0.3273,8.2846,3.7633,0,96,106.1744,62.7310,0.5360,0.0000,True,,,,,,60.0000,26.1300
0.0100,30,0.3000,pacnav,6,True,2228.0000,0.9797,0.6368,0.8691,0.3288,8.9326,5.0000,0,0,106.7224,49.3017,0.5742,0.0008,False,,,0.0000,,,60.0000,26.4851
0.0100,30,0.3000,pacnav,7,True,1843.0000,0.9954,0.7453,0.9464,0.3635,9.0555,4.9999,0,0,91.0054,53.6267,0.0434,0.0013,False,,,93.0000,,,60.0000,29.1016
0.0100,30,0.3000,pacnav,8,True,1853.0000,0.9801,0.6511,0.9288,0.3655,8.3617,4.9967,0,0,115.7908,68.8214,0.5162,0.0059,False,,,0.0000,,,60.0000,28.6360
0.0100,30,0.3000,pacnav,9,True,1898.0000,0.9820,0.6982,0.9130,0.3603,9.3212,5.0000,0,0,82.3838,51.7855,0.1711,0.0004,False,,,62.0000,,,60.0000,31.3576
0.0100,30,0.3000,petracek,0,False,,0.3786,-0.0095,0.6171,0.1108,10.7260,5.0000,0,0,562.7421,432.9968,0.9573,0.0000,True,,,,,,60.0000,6.7983
0.0100,30,0.3000,petracek,1,False,,0.4042,-0.0042,0.6096,0.1199,7.2808,5.0000,0,0,538.8768,447.7949,0.9697,0.0000,True,,,,,,60.0000,6.8938
0.0100,30,0.3000,petracek,2,False,,0.3547,-0.0123,0.6098,0.1186,10.6105,5.0000,0,0,595.9946,419.7710,0.9620,0.0000,True,,,,,,60.0000,6.7521
0.0100,30,0.3000,petracek,3,False,,0.4339,-0.0024,0.6131,0.1167,8.5460,5.0000,0,0,513.4864,456.4495,0.9683,0.0000,True,,,,,,60.0000,6.3442
0.0100,30,0.3000,petracek,4,False,,0.3533,-0.0104,0.6090,0.1013,9.4512,5.0000,0,0,583.9494,416.6495,0.9613,0.0000,True,,,,,,60.0000,5.9976
0.0100,30,0.3000,petracek,5,False,,0.3061,-0.0127,0.6065,0.1203,9.2851,5.0000,0,0,620.6124,399.2797,0.9673,0.0000,True,,,,,,60.0000,6.9925
0.0100,30,0.3000,petracek,6,False,,0.4146,-0.0032,0.6163,0.1277,9.1511,5.0000,0,0,538.1352,445.5937,0.9600,0.0000,True,,,,,,60.0000,6.6208
0.0100,30,0.3000,petracek,7,False,,0.4080,-0.0013,0.6095,0.1339,6.3472,5.0000,0,0,547.7495,449.0271,0.9693,0.0000,True,,,,,,60.0000,6.1153
0.0100,30,0.3000,petracek,8,False,,0.3374,-0.0075,0.6046,0.1284,8.4055,5.0000,0,0,597.3096,423.0968,0.9720,0.0000,True,,,,,,60.0000,6.2632
0.0100,30,0.3000,petracek,9,False,,0.3105,-0.0121,0.6045,0.1243,11.6694,5.0000,0,0,614.2652,402.4632,0.9640,0.0000,True,,,,,,60.0000,5.8330
0.0100,30,1.0000,cb-ele,0,True,1309.0000,0.9722,0.9063,0.9628,0.4938,8.2764,5.0000,0,0,43.2885,32.6782,0.0000,0.0000,False,95.0000,0.8855,0.0000,True,19.0000,60.0000,26.4734
0.0100,30,1.0000,cb-ele,1,True,1306.0000,0.9711,0.9164,0.9593,0.4934,8.8340,5.0000,0,0,43.9401,34.4234,0.0000,0.0000,False,103.0000,0.9044,0.0000,True,14.0000,60.0000,27.7080
0.0100,30,1.0000,cb-ele,2,True,1246.0000,0.9774,0.9134,0.9750,0.5177,8.3336,5.0000,0,0,39.4999,32.5836,0.0000,0.0000,False,81.0000,0.9134,0.0000,True,14.0000,60.0000,26.6907
0.0100,30,1.0000,cb-ele,3,True,1159.0000,0.9838,0.9108,0.9691,0.5617,8.6122,5.0000,0,0,57.4736,37.7624,0.0000,0.0000,False,111.0000,0.8810,0.0000,True,12.0000,60.0000,28.3560
0.0100,30,1.0000,cb-ele,4,True,1305.0000,0.9732,0.9005,0.9619,0.4927,9.0118,5.0000,0,0,47.9672,34.7133,0.0000,0.0000,False,59.0000,0.9234,0.0000,True,14.0000,60.0000,26.6023
0.0100,30,1.0000,cb-ele,5,True,1258.0000,0.9722,0.9237,0.9648,0.5122,8.0834,5.0000,0,0,37.7611,31.3545,0.0000,0.0000,False,83.0000,0.9206,0.0000,True,18.0000,60.0000,27.8052
0.0100,30,1.0000,cb-ele,6,True,1254.0000,0.9703,0.9184,0.9767,0.5080,8.5571,5.0000,0,0,45.9784,34.3943,0.0000,0.0000,False,86.0000,0.8964,0.0000,True,16.0000,60.0000,27.9315
0.0100,30,1.0000,cb-ele,7,True,1277.0000,0.9708,0.9057,0.9695,0.5009,8.6124,5.0000,0,0,42.9348,34.4050,0.0000,0.0000,False,104.0000,0.8834,0.0000,True,17.0000,60.0000,26.2526
0.0100,30,1.0000,cb-ele,8,True,1200.0000,0.9722,0.9056,0.9464,0.5448,9.1899,5.0000,0,0,40.9438,33.0877,0.0000,0.0000,False,79.0000,0.5012,0.0000,False,12.0000,60.0000,29.2951
0.0100,30,1.0000,cb-ele,9,True,1312.0000,0.9741,0.9003,0.9670,0.4947,8.9071,5.0000,0,0,41.9317,34.0123,0.0000,0.0000,False,71.0000,0.8979,0.0000,True,19.0000,60.0000,29.0027
0.0100,30,1.0000,couzin,0,True,1136.0000,0.9762,0.7217,0.9667,0.5658,10.4490,5.0000,0,0,42.5566,36.2549,0.0000,0.0000,False,,,0.0000,,,60.0000,22.7633
0.0100,30,1.0000,couzin,1,True,1132.0000,0.9752,0.7229,0.9653,0.5677,10.3779,5.0000,0,0,42.5981,36.1094,0.0000,0.0000,False,,,0.0000,,,60.0000,18.4256
0.0100,30,1.0000,couzin,2,True,1138.0000,0.9799,0.7276,0.9646,0.5681,10.3799,5.0000,0,0,44.5204,36.6586,0.0000,0.0000,False,,,8.0000,,,60.0000,15.0814
0.0100,30,1.0000,couzin,3,True,1140.0000,0.9757,0.7185,0.9665,0.5642,10.3308,5.0000,0,0,41.7693,36.1588,0.0000,0.0000,False,,,1.0000,,,60.0000,11.5931
0.0100,30,1.0000,couzin,4,True,1130.0000,0.9752,0.7235,0.9675,0.5673,10.4407,5.0000,0,0,41.8321,35.7132,0.0000,0.0000,False,,,0.0000,,,60.0000,24.6940
0.0100,30,1.0000,couzin,5,True,1136.0000,0.9767,0.7237,0.9676,0.5659,10.3634,5.0000,0,0,43.8250,36.8489,0.0000,0.0000,False,,,0.0000,,,60.0000,24.2831
0.0100,30,1.0000,couzin,6,True,1124.0000,0.9724,0.7279,0.9719,0.5687,10.4101,5.0000,0,0,43.0491,36.5209,0.0000,0.0000,False,,,0.0000,,,60.0000,23.7276
0.0100,30,1.0000,couzin,7,True,1133.0000,0.9713,0.7180,0.9656,0.5648,10.2472,5.0000,0,0,44.0742,36.7084,0.0000,0.0000,False,,,0.0000,,,60.0000,11.8001
0.0100,30,1.0000,couzin,8,True,1152.0000,0.9774,0.7121,0.9645,0.5602,10.3242,5.0000,0,0,44.1587,36.4095,0.0000,0.0000,False,,,4.0000,,,60.0000,14.9913
0.0100,30,1.0000,couzin,9,True,1137.0000,0.9791,0.7200,0.9654,0.5663,10.4253,5.0000,0,0,42.1043,36.3494,0.0000,0.0000,False,,,0.0000,,,60.0000,23.8694
0.0100,30,1.0000,pacnav,0,True,2048.0000,0.9933,0.8566,0.9757,0.3187,8.9848,5.0000,0,0,109.6739,72.4213,0.0264,0.0000,False,,,0.0000,,,60.0000,21.9912
0.0100,30,1.0000,pacnav,1,True,1987.0000,0.9851,0.9149,0.9778,0.3263,9.3401,5.0000,0,0,98.9450,73.3075,0.0101,0.0001,False,,,0.0000,,,60.0000,22.6623
0.0100,30,1.0000,pacnav,2,True,2103.0000,0.9924,0.8604,0.9722,0.3108,8.9096,5.0000,0,0,112.0197,75.5851,0.1421,0.0000,False,,,0.0000,,,60.0000,20.2504
0.0100,30,1.0000,pacnav,3,True,1902.0000,0.9876,0.9479,0.9835,0.3420,9.8090,4.9997,0,0,93.1454,69.8274,0.0778,0.0000,False,,,0.0000,,,60.0000,20.3435
0.0100,30,1.0000,pacnav,4,True,2078.0000,0.9925,0.8850,0.9758,0.3144,9.5451,5.0000,0,0,111.4057,68.4436,0.0688,0.0000,False,,,0.0000,,,60.0000,21.6179
0.0100,30,1.0000,pacnav,5,True,2075.0000,0.9949,0.8899,0.9775,0.3150,7.5878,5.0000,0,0,271.3766,129.3625,0.7635,0.0001,False,,,17.0000,,,60.0000,20.0254
0.0100,30,1.0000,pacnav,6,True,2086.0000,0.9928,0.8562,0.9650,0.3161,6.0882,4.9995,0,0,244.6547,130.3132,0.6948,0.0010,False,,,0.0000,,,60.0000,21.3711
0.0100,30,1.0000,pacnav,7,True,2076.0000,0.9934,0.8641,0.9653,0.3157,9.5022,4.9996,0,0,101.5670,62.2039,0.0640,0.0000,False,,,0.0000,,,60.0000,21.5089
0.0100,30,1.0000,pacnav,8,True,1977.0000,0.9877,0.9328,0.9775,0.3299,9.4602,4.9999,0,0,184.0192,89.5551,0.8109,0.0000,False,,,0.0000,,,60.0000,18.3693
0.0100,30,1.0000,pacnav,9,True,2081.0000,0.9948,0.8577,0.9702,0.3143,9.1569,5.0000,0,0,114.6711,70.9339,0.0341,0.0000,False,,,0.0000,,,60.0000,19.5016
0.0100,30,1.0000,petracek,0,True,649.0000,0.9785,0.9694,0.9962,0.9840,5.3134,5.0000,0,0,64.8573,47.6365,0.0000,0.0000,False,,,0.0000,,,60.0000,27.5224
0.0100,30,1.0000,petracek,1,True,654.0000,0.9823,0.9618,0.9945,0.9811,5.1859,5.0000,0,0,59.2020,45.2747,0.0000,0.0000,False,,,0.0000,,,60.0000,28.7889
0.0100,30,1.0000,petracek,2,True,649.0000,0.9794,0.9732,0.9970,0.9864,6.4201,5.0000,0,0,73.2391,49.3783,0.0000,0.0000,False,,,0.0000,,,60.0000,28.2208
0.0100,30,1.0000,petracek,3,True,647.0000,0.9754,0.9752,0.9975,0.9851,5.3072,5.0000,0,0,62.5095,46.5763,0.0000,0.0000,False,,,0.0000,,,60.0000,27.5302
0.0100,30,1.0000,petracek,4,True,646.0000,0.9753,0.9746,0.9963,0.9844,5.3053,5.0000,0,0,62.3341,46.2724,0.0000,0.0000,False,,,0.0000,,,60.0000,27.8638
0.0100,30,1.0000,petracek,5,True,649.0000,0.9778,0.9636,0.9962,0.9837,5.1207,5.0000,0,0,56.5796,44.7306,0.0000,0.0000,False,,,0.0000,,,60.0000,27.1570
0.0100,30,1.0000,petracek,6,True,647.0000,0.9774,0.9787,0.9970,0.9870,5.5496,5.0000,0,0,76.1335,50.9154,0.0000,0.0000,False,,,0.0000,,,60.0000,26.1217
0.0100,30,1.0000,petracek,7,True,649.0000,0.9807,0.9769,0.9971,0.9863,5.6340,5.0000,0,0,65.3528,48.3274,0.0000,0.0000,False,,,0.0000,,,60.0000,26.5764
0.0100,30,1.0000,petracek,8,True,655.0000,0.9844,0.9715,0.9972,0.9826,5.6057,5.0000,0,0,71.9453,49.4959,0.0000,0.0000,False,,,2272.0000,,,60.0000,27.0406
0.0100,30,1.0000,petracek,9,True,644.0000,0.9771,0.9804,0.9975,0.9883,5.1734,5.0000,0,0,69.0339,46.7741,0.0000,0.0000,False,,,0.0000,,,60.0000,25.7519
0.0300,30,0.3000,cb-ele,0,True,1312.0000,0.9776,0.9060,0.9392,0.5107,7.9806,5.0000,0,0,41.1689,31.0719,0.0000,0.0000,False,89.0000,0.8957,0.0000,True,16.0000,60.0000,26.1109
0.0300,30,0.3000,cb-ele,1,True,1568.0000,0.9846,0.8522,0.8921,0.4504,9.3662,5.0000,0,0,57.8655,37.4295,0.0000,0.0000,False,71.0000,0.9082,0.0000,True,13.0000,60.0000,25.6282
0.0300,30,0.3000,cb-ele,2,True,1236.0000,0.9887,0.8720,0.9538,0.5349,8.6751,5.0000,0,0,60.7121,37.8827,0.0509,0.0000,False,91.0000,0.4543,0.0000,False,10.0000,60.0000,24.1222
0.0300,30,0.3000,cb-ele,3,True,1294.0000,0.9850,0.8910,0.9498,0.5122,8.3204,5.0000,0,0,49.5300,34.7208,0.0000,0.0000,False,92.0000,0.8911,0.0000,True,15.0000,60.0000,23.9113
0.0300,30,0.3000,cb-ele,4,False,,0.9567,0.8185,0.6940,0.3525,9.1655,5.0000,0,0,44.8416,34.0162,0.0000,0.0000,False,159.0000,0.9343,,True,11.0000,60.0000,24.0976
0.0300,30,0.3000,cb-ele,5,False,,0.9587,0.4365,0.7248,0.3464,10.2211,5.0000,0,0,194.7364,163.5904,0.4420,0.0000,False,85.0000,0.9587,,True,18.0000,60.0000,24.1170
0.0300,30,0.3000,cb-ele,6,True,1202.0000,0.9835,0.9068,0.9610,0.5448,8.4457,5.0000,0,0,53.9710,38.1837,0.0000,0.0000,False,667.0000,0.4472,0.0000,True,14.0000,60.0000,24.2769
0.0300,30,0.3000,cb-ele,7,True,1425.0000,0.9742,0.8283,0.8757,0.4958,8.3434,5.0000,0,0,134.6866,52.3976,0.5358,0.0000,False,89.0000,0.3626,0.0000,False,12.0000,60.0000,25.7745
0.0300,30,0.3000,cb-ele,8,True,1362.0000,0.9782,0.9074,0.9382,0.4895,8.5357,5.0000,0,0,44.1874,34.4820,0.0000,0.0000,False,69.0000,0.4996,0.0000,True,14.0000,60.0000,26.1022
0.0300,30,0.3000,cb-ele,9,True,1296.0000,0.9668,0.9202,0.9371,0.5080,8.0189,5.0000,0,0,35.9938,29.1988,0.0000,0.0000,False,78.0000,0.9121,0.0000,True,17.0000,60.0000,26.7367
0.0300,30,0.3000,couzin,0,True,1506.0000,0.9805,0.5112,0.8927,0.4564,9.7381,5.0000,0,0,65.1951,46.5018,0.0000,0.0000,False,,,1.0000,,,60.0000,8.9296
0.0300,30,0.3000,couzin,1,True,1766.0000,0.9850,0.4220,0.8425,0.4085,9.2510,5.0000,0,0,58.3489,42.8558,0.0034,0.0000,False,,,55.0000,,,60.0000,8.2777
0.0300,30,0.3000,couzin,2,True,1797.0000,0.9791,0.4403,0.8312,0.4219,9.2991,5.0000,0,0,61.2617,44.1529,0.0000,0.0000,False,,,114.0000,,,60.0000,9.4242
0.0300,30,0.3000,couzin,3,True,1390.0000,0.9786,0.5509,0.9123,0.4837,9.7468,5.0000,0,0,66.9242,48.1396,0.0000,0.0000,False,,,422.0000,,,60.0000,9.1203
0.0300,30,0.3000,couzin,4,True,1371.0000,0.9717,0.5563,0.9120,0.4902,9.7736,5.0000,0,0,61.7711,46.6320,0.0000,0.0000,False,,,109.0000,,,60.0000,8.2832
0.0300,30,0.3000,couzin,5,True,2705.0000,0.9921,0.3191,0.7033,0.3465,7.6187,3.2865,0,33,75.3621,53.4957,0.3271,0.0001,False,,,44.0000,,,60.0000,8.6082
0.0300,30,0.3000,couzin,6,True,1513.0000,0.9885,0.5098,0.8780,0.4584,9.7713,5.0000,0,0,61.6178,44.9808,0.0000,0.0000,False,,,559.0000,,,60.0000,11.2881
0.0300,30,0.3000,couzin,7,True,1517.0000,0.9809,0.5063,0.8818,0.4476,9.8355,5.0000,0,0,61.6129,46.1631,0.0000,0.0000,False,,,13.0000,,,60.0000,8.3079
0.0300,30,0.3000,couzin,8,True,1488.0000,0.9826,0.5421,0.8763,0.4705,9.8406,5.0000,0,0,67.5161,49.4181,0.0000,0.0000,False,,,207.0000,,,60.0000,9.1718
0.0300,30,0.3000,couzin,9,True,1313.0000,0.9788,0.5769,0.9303,0.5020,9.9497,5.0000,0,0,60.8302,44.7290,0.0000,0.0000,False,,,107.0000,,,60.0000,9.0891
0.0300,30,0.3000,pacnav,0,True,2079.0000,0.9726,0.6325,0.8701,0.3406,8.5674,5.0000,0,0,125.8832,57.5038,0.5938,0.0015,False,,,0.0000,,,60.0000,28.9897
0.0300,30,0.3000,pacnav,1,True,1934.0000,0.9800,0.6351,0.9143,0.3489,9.1017,5.0000,0,0,113.4067,60.8384,0.5809,0.0058,False,,,31.0000,,,60.0000,28.6828
0.0300,30,0.3000,pacnav,2,True,2064.0000,0.9742,0.6651,0.8732,0.3403,9.1378,4.6312,0,15,102.7946,51.5405,0.4581,0.0000,False,,,125.0000,,,60.0000,30.4307
0.0300,30,0.3000,pacnav,3,True,1914.0000,0.9847,0.7411,0.9222,0.3489,9.5611,5.0000,0,0,102.4701,63.1448,0.5415,0.0010,False,,,32.0000,,,60.0000,27.4459
0.0300,30,0.3000,pacnav,4,False,1902.0000,0.9749,0.7104,0.9154,0.3608,9.2828,0.0000,3,24,87.2439,48.2996,0.5008,0.0000,False,,,233.0000,,,60.0000,27.4647
0.0300,30,0.3000,pacnav,5,False,,0.5733,0.3444,0.6227,0.2659,7.8064,3.7344,0,18,263.3712,168.8536,0.8373,0.0037,True,,,,,,60.0000,25.5844
0.0300,30,0.3000,pacnav,6,True,2032.0000,0.9768,0.6470,0.8887,0.3452,9.1313,5.0000,0,0,101.4507,53.4040,0.5150,0.0001,False,,,0.0000,,,60.0000,24.6885
0.0300,30,0.3000,pacnav,7,True,1784.0000,0.9899,0.7171,0.9478,0.3711,9.0754,5.0000,0,0,85.6967,47.6857,0.4034,0.0018,False,,,32.0000,,,60.0000,27.0253
0.0300,30,0.3000,pacnav,8,True,2110.0000,0.9716,0.6429,0.8821,0.3291,8.9371,4.9999,0,0,111.6734,49.0414,0.7949,0.0006,True,,,71.0000,,,60.0000,27.9668
0.0300,30,0.3000,pacnav,9,True,1784.0000,0.9801,0.7209,0.9362,0.3746,8.9911,5.0000,0,0,74.5433,48.7120,0.1625,0.0000,False,,,24.0000,,,60.0000,28.2850
0.0300,30,0.3000,petracek,0,False,,0.3750,-0.0100,0.6152,0.1128,7.8846,5.0000,0,0,565.2107,430.8937,0.9567,0.0000,True,,,,,,60.0000,5.5752
0.0300,30,0.3000,petracek,1,False,,0.4287,0.0001,0.6086,0.1197,13.2545,5.0000,0,0,525.7063,455.1235,0.9677,0.0000,True,,,,,,60.0000,6.6148
0.0300,30,0.3000,petracek,2,False,,0.4163,0.0002,0.6139,0.1360,13.5529,5.0000,0,0,549.9258,446.3515,0.9543,0.0000,True,,,,,,60.0000,6.5231
0.0300,30,0.3000,petracek,3,False,,0.4312,-0.0002,0.6157,0.1224,10.2911,5.0000,0,0,521.7979,455.6709,0.9683,0.0000,True,,,,,,60.0000,6.5834
0.0300,30,0.3000,petracek,4,False,,0.4148,-0.0006,0.6066,0.1371,10.2322,5.0000,0,0,548.7083,451.8298,0.9673,0.0000,True,,,,,,60.0000,6.7993
0.0300,30,0.3000,petracek,5,False,,0.3054,-0.0193,0.6064,0.0870,9.2853,5.0000,0,0,633.3823,398.8210,0.9673,0.0000,True,,,,,,60.0000,6.5121
0.0300,30,0.3000,petracek,6,False,,0.4150,0.0103,0.6149,0.1714,13.9624,5.0000,0,0,555.2872,449.4270,0.9600,0.0000,True,,,,,,60.0000,5.7547
0.0300,30,0.3000,petracek,7,False,,0.4059,-0.0077,0.6088,0.1058,11.8424,5.0000,0,0,551.3092,449.0717,0.9693,0.0000,True,,,,,,60.0000,6.0996
0.0300,30,0.3000,petracek,8,False,,0.3353,-0.0095,0.6062,0.1240,10.2179,5.0000,0,0,605.1780,423.5297,0.9720,0.0000,True,,,,,,60.0000,6.7314
0.0300,30,0.3000,petracek,9,False,,0.3121,-0.0169,0.6080,0.0934,9.2591,5.0000,0,0,622.0212,404.3978,0.9640,0.0000,True,,,,,,60.0000,6.3019
0.0300,30,1.0000,cb-ele,0,True,1352.0000,0.9795,0.9060,0.9531,0.4827,8.5711,5.0000,0,0,41.1692,33.4596,0.0000,0.0000,False,95.0000,0.9047,0.0000,True,13.0000,60.0000,26.6695
0.0300,30,1.0000,cb-ele,1,True,1285.0000,0.9710,0.9234,0.9672,0.4989,8.3482,5.0000,0,0,42.0951,32.6878,0.0000,0.0000,False,99.0000,0.8942,0.0000,True,15.0000,60.0000,27.3540
0.0300,30,1.0000,cb-ele,2,True,1268.0000,0.9685,0.9220,0.9816,0.5021,8.1027,5.0000,0,0,43.9654,32.6332,0.0000,0.0000,False,81.0000,0.9094,0.0000,True,13.0000,60.0000,27.2834
0.0300,30,1.0000,cb-ele,3,True,1098.0000,0.9780,0.9015,0.9635,0.5918,9.3880,5.0000,0,0,83.1066,44.3491,0.3294,0.0000,False,110.0000,0.8653,0.0000,True,13.0000,60.0000,28.5218
0.0300,30,1.0000,cb-ele,4,True,1254.0000,0.9830,0.9154,0.9575,0.5235,8.3133,5.0000,0,0,39.7496,32.6377,0.0000,0.0000,False,59.0000,0.9291,0.0000,True,16.0000,60.0000,29.5705
0.0300,30,1.0000,cb-ele,5,True,2929.0000,0.9851,0.7199,0.7043,0.3330,8.9328,5.0000,0,0,51.4770,37.5712,0.0430,0.0000,False,83.0000,0.9608,0.0000,True,20.0000,60.0000,29.7207
0.0300,30,1.0000,cb-ele,6,True,1287.0000,0.9833,0.9083,0.9529,0.5125,8.2796,5.0000,0,0,46.1660,33.1680,0.0000,0.0000,False,88.0000,0.8936,0.0000,True,15.0000,60.0000,29.7727
0.0300,30,1.0000,cb-ele,7,True,1284.0000,0.9691,0.9082,0.9589,0.5008,8.6616,5.0000,0,0,41.9748,34.2684,0.0000,0.0000,False,104.0000,0.7619,0.0000,True,17.0000,60.0000,29.0028
0.0300,30,1.0000,cb-ele,8,True,1279.0000,0.9773,0.9228,0.9698,0.5063,8.1461,5.0000,0,0,42.4497,32.1504,0.0000,0.0000,False,77.0000,0.9016,0.0000,True,13.0000,60.0000,28.2115
0.0300,30,1.0000,cb-ele,9,True,1291.0000,0.9677,0.9232,0.9563,0.5026,8.2971,5.0000,0,0,41.4890,32.8266,0.0000,0.0000,False,71.0000,0.9094,0.0000,True,17.0000,60.0000,27.7574
0.0300,30,1.0000,couzin,0,True,1146.0000,0.9739,0.7128,0.9642,0.5603,10.4124,5.0000,0,0,44.0268,36.7360,0.0000,0.0000,False,,,0.0000,,,60.0000,9.1642
0.0300,30,1.0000,couzin,1,True,1135.0000,0.9763,0.7259,0.9640,0.5673,10.2919,5.0000,0,0,42.3580,36.2275,0.0000,0.0000,False,,,0.0000,,,60.0000,9.1034
0.0300,30,1.0000,couzin,2,True,1132.0000,0.9762,0.7258,0.9661,0.5687,10.4262,5.0000,0,0,42.3622,36.0408,0.0000,0.0000,False,,,15.0000,,,60.0000,11.4701
0.0300,30,1.0000,couzin,3,True,1143.0000,0.9732,0.7116,0.9647,0.5619,10.3337,5.0000,0,0,43.1177,36.4953,0.0000,0.0000,False,,,0.0000,,,60.0000,10.5332
0.0300,30,1.0000,couzin,4,True,1138.0000,0.9760,0.7206,0.9617,0.5652,10.3663,5.0000,0,0,41.6941,36.0857,0.0000,0.0000,False,,,48.0000,,,60.0000,12.3178
0.0300,30,1.0000,couzin,5,True,1162.0000,0.9783,0.7035,0.9632,0.5552,10.2884,5.0000,0,0,42.7114,36.3313,0.0000,0.0000,False,,,74.0000,,,60.0000,11.9544
0.0300,30,1.0000,couzin,6,True,1162.0000,0.9795,0.7026,0.9654,0.5561,10.2313,5.0000,0,0,44.7795,36.5386,0.0000,0.0000,False,,,11.0000,,,60.0000,8.7929
0.0300,30,1.0000,couzin,7,True,1167.0000,0.9794,0.7023,0.9572,0.5564,10.1860,5.0000,0,0,43.2960,36.3505,0.0000,0.0000,False,,,0.0000,,,60.0000,8.8946
0.0300,30,1.0000,couzin,8,True,1142.0000,0.9769,0.7211,0.9668,0.5649,10.3868,5.0000,0,0,43.9874,36.3753,0.0000,0.0000,False,,,29.0000,,,60.0000,15.5248
0.0300,30,1.0000,couzin,9,True,1136.0000,0.9827,0.7294,0.9667,0.5696,10.5574,5.0000,0,0,44.4691,36.8567,0.0000,0.0000,False,,,12.0000,,,60.0000,11.3077
0.0300,30,1.0000,pacnav,0,True,2056.0000,0.9893,0.9401,0.9692,0.3183,9.1008,5.0000,0,0,113.0776,73.9807,0.2110,0.0010,False,,,0.0000,,,60.0000,10.6786
0.0300,30,1.0000,pacnav,1,True,2051.0000,0.9903,0.9098,0.9776,0.3289,9.8762,4.9956,0,0,170.3131,80.6879,0.5975,0.0168,False,,,0.0000,,,60.0000,10.2285
0.0300,30,1.0000,pacnav,2,True,2052.0000,0.9960,0.9473,0.9810,0.3241,9.7510,5.0000,0,0,96.6607,65.6450,0.1383,0.0000,False,,,35.0000,,,60.0000,9.7312
0.0300,30,1.0000,pacnav,3,True,2101.0000,0.9870,0.9243,0.9768,0.3120,9.2724,5.0000,0,0,106.8916,67.5915,0.0676,0.0021,False,,,0.0000,,,60.0000,9.9891
0.0300,30,1.0000,pacnav,4,True,2080.0000,0.9973,0.9456,0.9788,0.3222,9.8628,4.9584,0,5,112.6832,67.9883,0.4330,0.0005,False,,,2.0000,,,60.0000,9.7092
0.0300,30,1.0000,pacnav,5,True,2073.0000,0.9975,0.9414,0.9768,0.3288,8.4937,4.9952,0,0,278.4310,132.4112,0.7821,0.0143,False,,,28.0000,,,60.0000,10.9756
0.0300,30,1.0000,pacnav,6,True,2084.0000,0.9886,0.9528,0.9828,0.3112,9.4005,5.0000,0,0,101.0091,70.0925,0.0000,0.0000,False,,,0.0000,,,60.0000,9.8510
0.0300,30,1.0000,pacnav,7,True,2059.0000,0.9852,0.9464,0.9804,0.3192,9.6260,5.0000,0,0,159.8605,84.9431,0.7393,0.0057,False,,,0.0000,,,60.0000,9.3626
0.0300,30,1.0000,pacnav,8,True,2081.0000,0.9980,0.9365,0.9743,0.3289,8.8525,4.7314,0,15,176.6419,101.9903,0.7402,0.0001,False,,,60.0000,,,60.0000,10.0257
0.0300,30,1.0000,pacnav,9,True,2078.0000,0.9957,0.9373,0.9679,0.3231,9.0399,4.9828,0,4,170.1729,96.1407,0.4959,0.0082,False,,,0.0000,,,60.0000,8.8029
0.0300,30,1.0000,petracek,0,True,651.0000,0.9761,0.9659,0.9930,0.9789,5.3859,5.0000,0,0,61.2048,45.6711,0.0000,0.0000,False,,,0.0000,,,60.0000,27.1542
0.0300,30,1.0000,petracek,1,True,658.0000,0.9807,0.9531,0.9931,0.9738,5.2461,5.0000,0,0,56.4705,45.1446,0.0000,0.0000,False,,,0.0000,,,60.0000,26.9512
0.0300,30,1.0000,petracek,2,True,655.0000,0.9798,0.9596,0.9947,0.9779,5.5784,5.0000,0,0,63.3409,46.0335,0.0000,0.0000,False,,,0.0000,,,60.0000,24.1518
0.0300,30,1.0000,petracek,3,True,653.0000,0.9758,0.9674,0.9946,0.9769,5.0450,5.0000,0,0,59.6132,44.2890,0.0000,0.0000,False,,,0.0000,,,60.0000,27.0443
0.0300,30,1.0000,petracek,4,True,655.0000,0.9790,0.9624,0.9937,0.9748,5.4433,5.0000,0,0,63.0315,45.9153,0.0000,0.0000,False,,,0.0000,,,60.0000,27.9067
0.0300,30,1.0000,petracek,5,True,653.0000,0.9782,0.9572,0.9960,0.9782,5.3103,5.0000,0,0,59.8593,45.8762,0.0000,0.0000,False,,,0.0000,,,60.0000,26.6027
0.0300,30,1.0000,petracek,6,True,651.0000,0.9752,0.9680,0.9959,0.9789,5.9919,5.0000,0,0,75.7774,50.9742,0.0000,0.0000,False,,,0.0000,,,60.0000,26.1395
0.0300,30,1.0000,petracek,7,True,652.0000,0.9760,0.9656,0.9947,0.9774,5.8780,5.0000,0,0,72.1092,48.8353,0.0000,0.0000,False,,,0.0000,,,60.0000,27.9623
0.0300,30,1.0000,petracek,8,True,654.0000,0.9779,0.9666,0.9961,0.9778,5.6632,5.0000,0,0,71.2342,49.2740,0.0000,0.0000,False,,,0.0000,,,60.0000,23.4063
0.0300,30,1.0000,petracek,9,True,647.0000,0.9760,0.9726,0.9964,0.9827,5.2169,5.0000,0,0,72.6798,49.3315,0.0000,0.0000,False,,,0.0000,,,60.0000,25.9371
0.0500,30,0.3000,cb-ele,0,True,1395.0000,0.9732,0.8684,0.9423,0.4677,8.8013,5.0000,0,0,43.9122,34.1451,0.0000,0.0000,False,89.0000,0.9112,0.0000,True,17.0000,60.0000,25.6162
0.0500,30,0.3000,cb-ele,1,False,,0.9677,0.6421,0.6876,0.3472,9.7522,5.0000,0,0,66.6800,45.5207,0.2223,0.0000,True,66.0000,0.9577,,True,11.0000,60.0000,25.2374
0.0500,30,0.3000,cb-ele,2,True,1508.0000,0.9913,0.8661,0.9090,0.4663,8.4384,5.0000,0,0,53.9008,38.3015,0.0000,0.0000,False,79.0000,0.9251,0.0000,True,10.0000,60.0000,26.6047
0.0500,30,0.3000,cb-ele,3,False,1527.0000,0.9557,0.8394,0.8860,0.4598,9.2365,0.0000,66,69,44.1774,35.1935,0.0000,0.0000,False,92.0000,0.9202,151.0000,True,17.0000,60.0000,26.6827
0.0500,30,0.3000,cb-ele,4,True,1310.0000,0.9816,0.9084,0.9392,0.5113,8.2262,5.0000,0,0,43.9077,31.8693,0.0000,0.0000,False,165.0000,0.8574,0.0000,True,12.0000,60.0000,27.2801
0.0500,30,0.3000,cb-ele,5,False,,0.9860,0.7728,0.6975,0.3428,9.5222,5.0000,0,0,49.8496,37.1099,0.0110,0.0000,False,85.0000,0.9603,,True,17.0000,60.0000,25.9086
0.0500,30,0.3000,cb-ele,6,True,1379.0000,0.9839,0.8748,0.9147,0.4953,9.1826,5.0000,0,0,53.8257,40.4180,0.0000,0.0000,False,669.0000,0.5167,0.0000,True,14.0000,60.0000,27.4591
0.0500,30,0.3000,cb-ele,7,False,1209.0000,0.9588,0.8148,0.8377,0.6018,8.8382,0.0000,78,87,79.6154,47.2732,0.0000,0.0000,False,89.0000,0.5107,232.0000,True,19.0000,60.0000,26.8359
0.0500,30,0.3000,cb-ele,8,True,1334.0000,0.9863,0.8989,0.9463,0.5046,8.2617,5.0000,0,0,42.9063,31.4788,0.0000,0.0000,False,357.0000,0.7116,0.0000,True,13.0000,60.0000,27.1639
0.0500,30,0.3000,cb-ele,9,True,1344.0000,0.9795,0.8828,0.9380,0.4964,8.5722,5.0000,0,0,40.1619,31.3746,0.0000,0.0000,False,78.0000,0.9182,0.0000,True,15.0000,60.0000,26.7224
0.0500,30,0.3000,couzin,0,False,,0.9545,0.3282,0.6741,0.3559,8.7634,0.0000,462,688,73.3268,48.1680,0.3183,0.0000,True,,,,,,60.0000,8.7819
0.0500,30,0.3000,couzin,1,True,1304.0000,0.9904,0.6027,0.9290,0.5170,9.9765,5.0000,0,0,59.8543,44.9665,0.0000,0.0000,False,,,113.0000,,,60.0000,8.8082
0.0500,30,0.3000,couzin,2,False,1664.0000,0.9728,0.4660,0.8362,0.4481,9.4024,0.0000,18,36,58.3793,43.8327,0.0150,0.0005,True,,,689.0000,,,60.0000,10.4922
0.0500,30,0.3000,couzin,3,False,,0.9652,0.3478,0.6726,0.3731,8.8744,0.0000,90,242,74.6607,52.9967,0.4473,0.0170,True,,,,,,60.0000,9.4370
0.0500,30,0.3000,couzin,4,False,,0.9388,0.3427,0.6702,0.3725,9.0196,0.0000,258,420,80.0021,59.3147,0.5007,0.0167,True,,,,,,60.0000,9.4133
0.0500,30,0.3000,couzin,5,False,,0.9683,0.3568,0.6675,0.3834,8.2594,0.0000,295,496,77.0366,54.5264,0.4277,0.0122,True,,,,,,60.0000,8.7395
0.0500,30,0.3000,couzin,6,False,,0.9913,0.3512,0.6563,0.3877,8.4819,0.0000,260,756,80.3656,47.7181,0.5227,0.0174,True,,,,,,60.0000,10.5333
0.0500,30,0.3000,couzin,7,False,,0.9875,0.3036,0.6859,0.3229,8.3077,0.0000,90,285,63.2664,46.4556,0.0053,0.0002,False,,,,,,60.0000,12.4801
0.0500,30,0.3000,couzin,8,False,,0.9894,0.3688,0.6760,0.3711,9.0537,0.0000,217,423,83.4981,52.2895,0.4130,0.0099,True,,,,,,60.0000,10.2171
0.0500,30,0.3000,couzin,9,False,,0.9727,0.3291,0.6625,0.3753,8.6912,0.0000,368,728,63.6676,44.0300,0.0970,0.0003,False,,,,,,60.0000,10.9116
0.0500,30,0.3000,pacnav,0,False,2027.0000,0.9810,0.6244,0.8639,0.3648,8.5863,0.0000,7,25,88.1649,50.6235,0.5168,0.0083,True,,,73.0000,,,60.0000,26.0337
0.0500,30,0.3000,pacnav,1,False,,0.9247,0.5043,0.7367,0.2836,8.6585,5.0000,0,0,90.7356,63.4808,0.5373,0.0017,True,,,,,,60.0000,22.4385
0.0500,30,0.3000,pacnav,2,True,1864.0000,0.9825,0.7185,0.9391,0.3566,9.4131,5.0000,0,0,81.9377,52.1949,0.2236,0.0028,False,,,17382.0000,,,60.0000,31.3263
0.0500,30,0.3000,pacnav,3,False,1988.0000,0.9805,0.7102,0.9052,0.3480,9.5290,0.0000,6,26,106.4960,69.8714,0.6647,0.0019,True,,,56.0000,,,60.0000,22.9715
0.0500,30,0.3000,pacnav,4,False,2099.0000,0.9708,0.5795,0.8593,0.3514,8.2766,0.0000,37,57,128.8255,61.7875,0.8800,0.0253,True,,,296.0000,,,60.0000,29.8670
0.0500,30,0.3000,pacnav,5,False,,0.7662,0.4935,0.7006,0.2870,8.4452,5.0000,0,0,161.2140,98.9828,0.7280,0.0090,True,,,,,,60.0000,24.8197
0.0500,30,0.3000,pacnav,6,True,1799.0000,0.9799,0.7413,0.9317,0.3711,9.5914,5.0000,0,0,75.6911,53.5806,0.0794,0.0027,True,,,487.0000,,,60.0000,28.6805
0.0500,30,0.3000,pacnav,7,False,2557.0000,0.9701,0.5369,0.8161,0.3112,8.8015,0.0000,20,60,102.1960,53.6797,0.5438,0.0208,False,,,30.0000,,,60.0000,29.7993
0.0500,30,0.3000,pacnav,8,False,2142.0000,0.9816,0.6359,0.8607,0.3537,8.9838,0.0000,72,217,136.6177,65.5884,0.8488,0.0089,True,,,594.0000,,,60.0000,25.6996
0.0500,30,0.3000,pacnav,9,False,1999.0000,0.9756,0.6262,0.8658,0.3595,8.6078,0.0000,66,66,69.7242,45.2073,0.3635,0.0034,True,,,246.0000,,,60.0000,29.7439
0.0500,30,0.3000,petracek,0,False,,0.3713,0.0045,0.6060,0.1625,14.0577,5.0000,0,0,581.6150,431.1585,0.9547,0.0000,True,,,,,,60.0000,6.3387
0.0500,30,0.3000,petracek,1,False,,0.4312,0.0015,0.6122,0.1248,11.5760,5.0000,0,0,534.3497,456.0986,0.9677,0.0000,True,,,,,,60.0000,6.4224
0.0500,30,0.3000,petracek,2,False,,0.4201,0.0002,0.6184,0.1303,11.6737,5.0000,0,0,565.4655,451.6624,0.9543,0.0000,True,,,,,,60.0000,6.4155
0.0500,30,0.3000,petracek,3,False,,0.3735,-0.0045,0.6067,0.1127,10.3470,5.0000,0,0,602.6451,435.6561,0.9620,0.0000,True,,,,,,60.0000,6.0747
0.0500,30,0.3000,petracek,4,False,,0.4179,0.0056,0.6099,0.1568,12.1548,5.0000,0,0,563.6494,457.6332,0.9673,0.0000,True,,,,,,60.0000,6.2809
0.0500,30,0.3000,petracek,5,False,,0.3033,-0.0184,0.6084,0.0821,9.2856,5.0000,0,0,643.8318,397.9656,0.9673,0.0000,True,,,,,,60.0000,6.6255
0.0500,30,0.3000,petracek,6,False,,0.4181,0.0045,0.6175,0.1528,19.2418,5.0000,0,0,564.4873,453.5304,0.9600,0.0000,True,,,,,,60.0000,5.6386
0.0500,30,0.3000,petracek,7,False,,0.4058,-0.0006,0.6157,0.1288,14.3460,5.0000,0,0,552.8690,447.5723,0.9687,0.0000,True,,,,,,60.0000,6.2950
0.0500,30,0.3000,petracek,8,False,,0.3424,-0.0105,0.6181,0.1069,10.4333,5.0000,0,0,642.8928,428.0604,0.9720,0.0000,True,,,,,,60.0000,6.3505
0.0500,30,0.3000,petracek,9,False,,0.3103,-0.0175,0.6083,0.0864,14.8857,5.0000,0,0,624.6816,403.1278,0.9640,0.0000,True,,,,,,60.0000,6.0049
0.0500,30,1.0000,cb-ele,0,True,1282.0000,0.9743,0.9188,0.9626,0.5071,8.0223,5.0000,0,0,39.4055,31.4844,0.0000,0.0000,False,95.0000,0.8971,0.0000,True,17.0000,60.0000,27.5002
0.0500,30,1.0000,cb-ele,1,True,1392.0000,0.9684,0.9056,0.9053,0.5084,8.6972,5.0000,0,0,45.5411,33.6600,0.0000,0.0000,False,101.0000,0.9095,0.0000,True,16.0000,60.0000,27.0840
0.0500,30,1.0000,cb-ele,2,True,1281.0000,0.9671,0.9224,0.9575,0.5052,9.0402,5.0000,0,0,37.2527,32.1989,0.0000,0.0000,False,80.0000,0.9228,0.0000,True,12.0000,60.0000,28.7340
0.0500,30,1.0000,cb-ele,3,True,1761.0000,0.9830,0.7663,0.8152,0.4347,9.0728,5.0000,0,0,64.6297,40.9748,0.1714,0.0000,False,110.0000,0.9120,0.0000,True,13.0000,60.0000,27.8793
0.0500,30,1.0000,cb-ele,4,False,,0.9863,0.6471,0.7180,0.3300,9.2055,5.0000,0,0,51.9858,39.7823,0.0933,0.0000,False,62.0000,0.9573,,True,16.0000,60.0000,27.2499
0.0500,30,1.0000,cb-ele,5,True,1291.0000,0.9799,0.9263,0.9444,0.5090,8.5954,5.0000,0,0,40.5227,33.0735,0.0000,0.0000,False,692.0000,0.4807,0.0000,True,15.0000,60.0000,25.8306
0.0500,30,1.0000,cb-ele,6,True,1324.0000,0.9719,0.9143,0.9379,0.5070,8.6263,5.0000,0,0,41.9113,32.9021,0.0000,0.0000,False,94.0000,0.8974,0.0000,True,14.0000,60.0000,26.8691
0.0500,30,1.0000,cb-ele,7,False,1357.0000,0.9590,0.8807,0.9299,0.5012,8.5987,0.0000,28,44,42.3006,33.9158,0.0000,0.0000,False,104.0000,0.8866,60.0000,True,16.0000,60.0000,26.0726
0.0500,30,1.0000,cb-ele,8,True,1269.0000,0.9739,0.9124,0.9644,0.5117,8.1467,5.0000,0,0,43.1816,32.4001,0.0000,0.0000,False,78.0000,0.9118,0.0000,True,16.0000,60.0000,26.7930
0.0500,30,1.0000,cb-ele,9,True,1330.0000,0.9729,0.8925,0.9407,0.5094,8.7078,5.0000,0,0,46.5591,35.1333,0.0000,0.0000,False,71.0000,0.9113,0.0000,True,15.0000,60.0000,26.9654
0.0500,30,1.0000,couzin,0,False,,0.9883,0.2738,0.6837,0.2638,9.2191,5.0000,0,0,77.5638,65.0045,0.5363,0.0168,True,,,,,,60.0000,8.7250
0.0500,30,1.0000,couzin,1,False,,0.9920,0.3047,0.6869,0.2663,7.2393,4.9717,0,4,71.8798,64.6261,0.5610,0.0000,True,,,,,,60.0000,9.1320
0.0500,30,1.0000,couzin,2,False,,0.9798,0.2715,0.6762,0.2610,9.8961,5.0000,0,0,75.4761,62.3310,0.6100,0.0006,True,,,,,,60.0000,9.2645
0.0500,30,1.0000,couzin,3,False,,0.9938,0.2946,0.7017,0.2729,9.4922,0.0000,3,3,85.4014,71.3729,0.5593,0.0008,True,,,,,,60.0000,9.4025
0.0500,30,1.0000,couzin,4,False,,0.9724,0.3495,0.6748,0.2827,10.2747,0.0000,1,15,82.3373,68.8080,0.5457,0.0183,True,,,,,,60.0000,9.5306
0.0500,30,1.0000,couzin,5,False,,0.9711,0.3174,0.6655,0.2803,7.9918,3.6799,0,32,67.3995,55.9554,0.1887,0.0077,True,,,,,,60.0000,9.3544
0.0500,30,1.0000,couzin,6,False,,0.9971,0.2700,0.6888,0.2582,10.3854,5.0000,0,0,65.2932,64.5423,0.5410,0.0000,True,,,,,,60.0000,9.8548
0.0500,30,1.0000,couzin,7,False,,0.9918,0.3257,0.6977,0.2761,9.5363,5.0000,0,0,82.3754,66.0353,0.5737,0.0329,True,,,,,,60.0000,9.3144
0.0500,30,1.0000,couzin,8,False,,0.9635,0.3300,0.6532,0.2747,9.4598,0.0000,6,20,175.8148,77.7800,0.4977,0.0000,True,,,,,,60.0000,10.4731
0.0500,30,1.0000,couzin,9,False,,0.9854,0.3113,0.6693,0.2749,9.7159,0.0000,1,28,70.4250,61.0674,0.4847,0.0000,True,,,,,,60.0000,12.1743
0.0500,30,1.0000,pacnav,0,False,,0.9900,0.9386,0.8287,0.2185,7.8419,5.0000,0,0,92.5694,71.6950,0.1560,0.0001,False,,,,,,60.0000,9.4424
0.0500,30,1.0000,pacnav,1,False,2091.0000,0.9824,0.9540,0.9711,0.3240,9.5637,0.0000,1,1,119.7707,81.6123,0.4637,0.0083,False,,,0.0000,,,60.0000,17.0557
0.0500,30,1.0000,pacnav,2,True,2115.0000,0.9986,0.9611,0.9830,0.3092,9.3161,5.0000,0,0,128.1299,87.0596,0.6139,0.0012,False,,,0.0000,,,60.0000,8.7080
0.0500,30,1.0000,pacnav,3,True,2103.0000,0.9874,0.9159,0.9704,0.3125,9.4065,5.0000,0,0,158.6172,76.7185,0.6692,0.0182,False,,,0.0000,,,60.0000,8.2973
0.0500,30,1.0000,pacnav,4,True,2080.0000,0.9915,0.9676,0.9818,0.3120,10.1255,5.0000,0,0,108.5793,73.0302,0.4282,0.0014,False,,,0.0000,,,60.0000,8.3754
0.0500,30,1.0000,pacnav,5,False,,0.9948,0.8971,0.8280,0.2240,7.8776,5.0000,0,0,214.3682,116.4710,0.6270,0.0119,False,,,,,,60.0000,8.8326
0.0500,30,1.0000,pacnav,6,True,2047.0000,0.9777,0.9641,0.9835,0.3187,9.7462,5.0000,0,0,97.9669,70.9271,0.2583,0.0002,False,,,0.0000,,,60.0000,16.2588
0.0500,30,1.0000,pacnav,7,True,2120.0000,0.9891,0.9610,0.9788,0.3071,9.6527,5.0000,0,0,132.6867,77.7055,0.5290,0.0128,False,,,0.0000,,,60.0000,8.6515
0.0500,30,1.0000,pacnav,8,True,2040.0000,0.9954,0.9565,0.9693,0.3316,9.3755,5.0000,0,0,234.0584,108.6091,0.8956,0.0138,False,,,0.0000,,,60.0000,8.7487
0.0500,30,1.0000,pacnav,9,False,,0.9928,0.9185,0.8129,0.2197,8.7207,5.0000,0,0,195.2040,107.8923,0.6070,0.0094,False,,,,,,60.0000,7.8468
0.0500,30,1.0000,petracek,0,False,,0.9820,0.1946,0.6126,0.2306,5.1769,5.0000,0,0,63.8116,51.6536,0.0000,0.0000,False,,,,,,60.0000,27.1927
0.0500,30,1.0000,petracek,1,False,,0.9821,0.2419,0.6153,0.2534,5.1283,5.0000,0,0,59.1277,52.7369,0.0000,0.0000,False,,,,,,60.0000,19.4421
0.0500,30,1.0000,petracek,2,False,,0.9896,0.2657,0.6122,0.2481,5.1465,4.8870,0,7,64.3097,48.8206,0.0000,0.0000,False,,,,,,60.0000,27.1299
0.0500,30,1.0000,petracek,3,False,,0.9806,0.2187,0.6146,0.2253,5.0699,5.0000,0,0,57.1054,51.7399,0.0000,0.0000,False,,,,,,60.0000,26.7860
0.0500,30,1.0000,petracek,4,False,,0.9876,0.1835,0.6149,0.2608,5.0406,5.0000,0,0,58.9492,50.3473,0.0000,0.0000,False,,,,,,60.0000,27.3439
0.0500,30,1.0000,petracek,5,False,,0.9845,0.2042,0.6132,0.2287,5.0351,5.0000,0,0,57.6071,47.8267,0.0000,0.0000,False,,,,,,60.0000,26.6977
0.0500,30,1.0000,petracek,6,False,,0.9780,0.2366,0.6091,0.2646,5.1543,5.0000,0,0,66.0931,51.8879,0.0000,0.0000,False,,,,,,60.0000,27.1185
0.0500,30,1.0000,petracek,7,False,,0.9807,0.1818,0.6110,0.2322,5.1662,5.0000,0,0,62.0325,51.2610,0.0000,0.0000,False,,,,,,60.0000,19.0759
0.0500,30,1.0000,petracek,8,False,,0.9838,0.2169,0.6159,0.2317,5.1440,5.0000,0,0,63.8174,50.3141,0.0000,0.0000,False,,,,,,60.0000,20.0002
0.0500,30,1.0000,petracek,9,True,662.0000,0.9809,0.9544,0.9931,0.9659,5.2254,5.0000,0,0,71.7670,49.0683,0.0000,0.0000,False,,,0.0000,,,60.0000,23.5309
