goal_drift,n_agents,informed_fraction,method,success_mean,success_std,completion_time_mean,completion_time_std,mission_progress_mean,mission_progress_std,order_mean,order_std,heading_accuracy_mean,heading_accuracy_std,cluster_velocity_ratio_mean,cluster_velocity_ratio_std,min_distance_mean_mean,min_distance_mean_std,min_distance_overall_mean,min_distance_overall_std,collisions_mean,collisions_std,safety_breaches_mean,safety_breaches_std,swarm_radius_mean,swarm_radius_std,mean_pair_distance_mean,mean_pair_distance_std,fragmented_fraction_mean,fragmented_fraction_std,isolated_fraction_mean,isolated_fraction_std,fragmented_at_end_mean,fragmented_at_end_std,election_time_mean,election_time_std,unique_leader_fraction_mean,unique_leader_fraction_std,post_arrival_breaches_mean,post_arrival_breaches_std,single_leader_at_end_mean,single_leader_at_end_std,leader_changes_mean,leader_changes_std,arrival_radius_mean,arrival_radius_std,runtime_s_mean,runtime_s_std
0.0100,30,0.3000,cb-ele,1.0000,0.0000,1302.2000,98.3879,0.9777,0.0060,0.8776,0.0206,0.9423,0.0192,0.5137,0.0418,8.7697,0.4138,5.0000,0.0000,0.0000,0.0000,0.0000,0.0000,56.0529,16.4269,37.3717,6.0660,0.0789,0.1069,0.0000,0.0000,0.0000,0.0000,155.1000,202.8987,0.6808,0.2259,0.0000,0.0000,0.8,0.4216,14.1000,2.3781,60.0000,0.0000,27.7808,1.0148
0.0100,30,0.3000,couzin,1.0000,0.0000,1411.6000,41.6365,0.9800,0.0025,0.5382,0.0184,0.9152,0.0112,0.4716,0.0130,9.6619,0.1594,5.0000,0.0000,0.0000,0.0000,0.0000,0.0000,63.3547,3.4782,46.9521,2.5846,0.0000,0.0000,0.0000,0.0000,0.0000,0.0000,,,,,13.0000,20.9815,,,,,60.0000,0.0000,11.4099,3.9810
0.0100,30,0.3000,pacnav,0.9000,0.3162,1904.3333,128.2322,0.9717,0.0353,0.6793,0.0449,0.9033,0.0685,0.3550,0.0146,8.9708,0.3872,4.8720,0.3898,0.0000,0.0000,10.7000,30.1701,92.2664,21.5656,53.5465,9.7043,0.3591,0.2491,0.0016,0.0018,0.1000,0.3162,,,,,23.1111,33.6766,,,,,60.0000,0.0000,29.2144,3.5298
0.0100,30,0.3000,petracek,0.0000,0.0000,,,0.3701,0.0447,-0.0075,0.0044,0.6100,0.0044,0.1202,0.0094,9.1473,1.6104,5.0000,0.0000,0.0000,0.0000,0.0000,0.0000,571.3121,36.2790,429.3122,20.1610,0.9651,0.0049,0.0000,0.0000,1.0000,0.0000,,,,,,,,,,,60.0000,0.0000,6.4611,0.4049
0.0100,30,1.0000,cb-ele,1.0000,0.0000,1262.6000,51.1038,0.9737,0.0041,0.9101,0.0078,0.9653,0.0086,0.5120,0.0237,8.6418,0.3486,5.0000,0.0000,0.0000,0.0000,0.0000,0.0000,44.1719,5.5310,33.9415,1.7228,0.0000,0.0000,0.0000,0.0000,0.0000,0.0000,87.2000,16.1300,0.8607,0.1272,0.0000,0.0000,0.9,0.3162,15.5000,2.6771,60.0000,0.0000,27.6117,1.0792
0.0100,30,1.0000,couzin,1.0000,0.0000,1135.8000,7.3151,0.9759,0.0026,0.7216,0.0047,0.9666,0.0022,0.5659,0.0025,10.3749,0.0620,5.0000,0.0000,0.0000,0.0000,0.0000,0.0000,43.0488,1.0278,36.3732,0.3348,0.0000,0.0000,0.0000,0.0000,0.0000,0.0000,,,,,1.3000,2.6687,,,,,60.0000,0.0000,19.1229,5.3631
0.0100,30,1.0000,pacnav,1.0000,0.0000,2041.3000,64.6358,0.9915,0.0034,0.8866,0.0343,0.9741,0.0059,0.3203,0.0096,8.8384,1.1439,4.9999,0.0002,0.0000,0.0000,0.0000,0.0000,144.1478,65.4028,84.1954,25.0356,0.2692,0.3392,0.0001,0.0003,0.0000,0.0000,,,,,1.7000,5.3759,,,,,60.0000,0.0000,20.7642,1.2943
0.0100,30,1.0000,petracek,1.0000,0.0000,648.9000,3.3813,0.9788,0.0029,0.9725,0.0061,0.9966,0.0009,0.9849,0.0022,5.4615,0.3833,5.0000,0.0000,0.0000,0.0000,0.0000,0.0000,66.1187,6.3404,47.5382,1.9825,0.0000,0.0000,0.0000,0.0000,0.0000,0.0000,,,,,227.2000,718.4695,,,,,60.0000,0.0000,27.2574,0.9347
0.0300,30,0.3000,cb-ele,0.8000,0.4216,1336.8750,116.0732,0.9754,0.0112,0.8339,0.1440,0.8866,0.0974,0.4745,0.0707,8.7073,0.6927,5.0000,0.0000,0.0000,0.0000,0.0000,0.0000,71.7693,51.5413,49.2974,40.6459,0.1029,0.2053,0.0000,0.0000,0.0000,0.0000,149.0000,183.7444,0.7264,0.2486,0.0000,0.0000,0.8,0.4216,14.0000,2.5820,60.0000,0.0000,25.0878,1.0778
0.0300,30,0.3000,couzin,1.0000,0.0000,1636.6000,406.7134,0.9818,0.0057,0.4935,0.0786,0.8660,0.0648,0.4486,0.0462,9.4825,0.6941,4.8286,0.5419,0.0000,0.0000,3.3000,10.4355,64.0440,4.9130,46.7069,3.0565,0.0330,0.1033,0.0000,0.0000,0.0000,0.0000,,,,,163.1000,185.2491,,,,,60.0000,0.0000,9.0500,0.8892
0.0300,30,0.3000,pacnav,0.8000,0.4216,1955.8889,122.7889,0.9378,0.1282,0.6457,0.1133,0.8773,0.0933,0.3425,0.0304,8.9592,0.4768,4.3365,1.5754,0.3000,0.9487,5.7000,9.4287,116.8534,53.6108,64.9024,36.9334,0.5388,0.1909,0.0015,0.0019,0.2000,0.4216,,,,,60.8889,75.1439,,,,,60.0000,0.0000,27.6564,1.6533
0.0300,30,0.3000,petracek,0.0000,0.0000,,,0.3840,0.0488,-0.0053,0.0090,0.6104,0.0040,0.1210,0.0242,10.9782,2.0672,5.0000,0.0000,0.0000,0.0000,0.0000,0.0000,567.8527,38.9378,436.5117,21.1384,0.9647,0.0058,0.0000,0.0000,1.0000,0.0000,,,,,,,,,,,60.0000,0.0000,6.3496,0.4147
0.0300,30,1.0000,cb-ele,1.0000,0.0000,1432.7000,529.7136,0.9762,0.0067,0.8951,0.0621,0.9365,0.0821,0.4954,0.0643,8.5041,0.3997,5.0000,0.0000,0.0000,0.0000,0.0000,0.0000,47.3643,12.9926,34.5752,3.7690,0.0372,0.1035,0.0000,0.0000,0.0000,0.0000,86.7000,15.6989,0.8930,0.0523,0.0000,0.0000,1.0,0.0000,15.2000,2.3476,60.0000,0.0000,28.3864,1.1135
0.0300,30,1.0000,couzin,1.0000,0.0000,1146.3000,12.7284,0.9773,0.0028,0.7156,0.0104,0.9640,0.0029,0.5625,0.0054,10.3481,0.1068,5.0000,0.0000,0.0000,0.0000,0.0000,0.0000,43.2802,1.0153,36.4038,0.2614,0.0000,0.0000,0.0000,0.0000,0.0000,0.0000,,,,,18.9000,24.8079,,,,,60.0000,0.0000,10.9063,2.1039
0.0300,30,1.0000,pacnav,1.0000,0.0000,2071.5000,16.4334,0.9925,0.0049,0.9381,0.0126,0.9766,0.0049,0.3217,0.0065,9.3276,0.4618,4.9663,0.0836,0.0000,0.0000,2.4000,4.8120,148.5742,55.7376,84.1471,21.0361,0.4205,0.2975,0.0049,0.0063,0.0000,0.0000,,,,,12.5000,21.2145,,,,,60.0000,0.0000,9.9354,0.6184
0.0300,30,1.0000,petracek,1.0000,0.0000,652.9000,2.9609,0.9775,0.0019,0.9638,0.0058,0.9948,0.0013,0.9777,0.0024,5.4759,0.3010,5.0000,0.0000,0.0000,0.0000,0.0000,0.0000,65.5321,6.7572,47.1345,2.2490,0.0000,0.0000,0.0000,0.0000,0.0000,0.0000,,,,,0.0000,0.0000,,,,,60.0000,0.0000,26.3256,1.5012
0.0500,30,0.3000,cb-ele,0.6000,0.5164,1375.7500,103.9419,0.9764,0.0122,0.8369,0.0795,0.8698,0.0991,0.4693,0.0768,8.8832,0.5269,4.0000,2.1082,14.4000,30.4893,15.6000,33.1602,51.8937,12.4922,37.2685,5.6831,0.0233,0.0700,0.0000,0.0000,0.1000,0.3162,176.9000,193.6523,0.8189,0.1759,47.8750,91.2523,1.0,0.0000,14.5000,2.9907,60.0000,0.0000,26.5511,0.7360
0.0500,30,0.3000,couzin,0.1000,0.3162,1484.0000,254.5584,0.9731,0.0174,0.3797,0.0894,0.7130,0.0923,0.3907,0.0542,8.8830,0.5212,0.5000,1.5811,205.8000,152.8011,407.4000,270.2974,71.4057,9.2835,49.4298,5.1463,0.2747,0.2195,0.0074,0.0079,0.7000,0.4830,,,,,401.0000,407.2935,,,,,60.0000,0.0000,9.9814,1.1882
0.0500,30,0.3000,pacnav,0.2000,0.4216,2059.3750,230.4598,0.9513,0.0673,0.6171,0.0886,0.8479,0.0779,0.3387,0.0324,8.8893,0.4703,2.0000,2.5820,20.8000,28.0230,45.1000,66.0428,104.1603,29.5382,61.4997,15.2387,0.5386,0.2594,0.0085,0.0083,0.8000,0.4216,,,,,2395.5000,6058.9257,,,,,60.0000,0.0000,27.1380,3.1508
0.0500,30,0.3000,petracek,0.0000,0.0000,,,0.3794,0.0472,-0.0035,0.0090,0.6121,0.0049,0.1244,0.0280,12.8002,2.9244,5.0000,0.0000,0.0000,0.0000,0.0000,0.0000,587.6487,38.7243,436.2465,21.5295,0.9638,0.0060,0.0000,0.0000,1.0000,0.0000,,,,,,,,,,,60.0000,0.0000,6.2447,0.2756
0.0500,30,1.0000,cb-ele,0.8000,0.4216,1365.2222,153.7659,0.9737,0.0080,0.8686,0.0909,0.9076,0.0796,0.4824,0.0583,8.6713,0.3792,4.5000,1.5811,2.8000,8.8544,4.4000,13.9140,45.3290,7.9391,34.5525,3.2426,0.0265,0.0588,0.0000,0.0000,0.0000,0.0000,148.7000,191.5127,0.8687,0.1377,6.6667,20.0000,1.0,0.0000,15.0000,1.5635,60.0000,0.0000,27.0978,0.8362
0.0500,30,1.0000,couzin,0.0000,0.0000,,,0.9835,0.0113,0.3049,0.0272,0.6798,0.0149,0.2711,0.0083,9.3211,0.9851,2.8652,2.4982,1.1000,1.9692,10.2000,12.5503,85.3966,32.4698,65.7523,5.9498,0.5098,0.1184,0.0077,0.0114,1.0000,0.0000,,,,,,,,,,,60.0000,0.0000,9.7225,0.9768
0.0500,30,1.0000,pacnav,0.6000,0.5164,2085.1429,31.5670,0.9900,0.0063,0.9434,0.0246,0.9307,0.0745,0.2877,0.0468,9.1626,0.7737,4.5000,1.5811,0.1000,0.3162,0.1000,0.3162,148.1951,50.2299,87.1721,17.2580,0.5248,0.2118,0.0077,0.0066,0.0000,0.0000,,,,,0.0000,0.0000,,,,,60.0000,0.0000,10.2217,3.4216
0.0500,30,1.0000,petracek,0.1000,0.3162,662.0000,,0.9830,0.0035,0.2898,0.2350,0.6512,0.1202,0.3141,0.2295,5.1287,0.0617,4.9887,0.0357,0.0000,0.0000,0.7000,2.2136,62.4621,4.5061,50.5656,1.5779,0.0000,0.0000,0.0000,0.0000,0.0000,0.0000,,,,,0.0000,,,,,,60.0000,0.0000,24.4318,3.5794
