feature,smooth,seed,informed,lead_mean,foll_mean,auc
freeze,raw,0,0.0,0.12081170363378953,0.0,0.5604058518168947
freeze,ema.95,0,0.0,0.11079806374960384,0.002300454049736443,0.936192579480965
freeze,ema.995,0,0.0,0.08346597584463729,0.005753286177460615,0.9659423565891928
retreat,raw,0,0.0,0.0,0.018088713341955328,0.49095564332902236
retreat,ema.95,0,0.0,7.44496999180798e-16,0.01991238245347736,0.02156742340641311
retreat,ema.995,0,0.0,0.00016390653628926705,0.02027695286278813,0.028917379497777316
nonyield12,raw,0,0.0,0.5384615384615384,0.5486035862840365,0.49492897608875097
nonyield12,ema.95,0,0.0,0.5287840454245876,0.550459510595145,0.4652059464880605
nonyield12,ema.995,0,0.0,0.4320676886773678,0.5252304614491567,0.4090127157634337
yield12,raw,0,0.0,0.2581406323737612,0.29169142577510576,0.48322460329932776
yield12,ema.95,0,0.0,0.2633346497841069,0.28961191301489875,0.4215627733155252
yield12,ema.995,0,0.0,0.2975434947280587,0.25930908025061294,0.5585316705417699
front,raw,0,0.0,-0.1988768574732193,0.0053512486936492,0.27971986658214576
front,ema.95,0,0.0,-0.19086801363479255,0.004493954158924607,0.2479325694262776
front,ema.995,0,0.0,-0.11694122392057062,0.001401936334858722,0.30242883863971826
persist,raw,0,0.0,0.5828323308055622,0.6517374057669552,0.6217246736775214
persist,ema.95,0,0.0,0.5889695051680209,0.6613209700932503,0.4687465725374342
persist,ema.995,0,0.0,0.5831652630721895,0.687271498053103,0.3814162655956403
rel_speed,raw,0,0.0,-0.18887404604422323,0.006332394698855554,0.29714889054918264
rel_speed,ema.95,0,0.0,-0.1761264501417269,0.0060717866480524225,0.12015017500688813
rel_speed,ema.995,0,0.0,-0.1301775367073007,0.0039576342041203055,0.01307069782754319
approach,raw,0,0.0,0.49125831451048746,-0.019951718309932635,0.7089714719810745
approach,ema.95,0,0.0,0.4845649010628549,-0.01938278973407515,0.7450419168826028
approach,ema.995,0,0.0,0.3156948776873558,-0.012405215103212163,0.6994308925480784
freeze,raw,1,0.0,0.12221189591078067,0.0,0.5611059479553904
freeze,ema.95,1,0.0,0.10616381662803293,0.0019594221317248816,0.8866060389794858
freeze,ema.995,1,0.0,0.0829776242566681,0.005150092043455447,0.9617078833491307
retreat,raw,1,0.0,0.0,0.021733813201020302,0.48913309339948985
retreat,ema.95,1,0.0,1.513112036751852e-13,0.0236157766121491,0.05098719739440523
retreat,ema.995,1,0.0,0.0002692881283525558,0.023949406746230632,0.05071757545062935
nonyield12,raw,1,0.0,0.4804832713754647,0.45364967329396555,0.5134167990407495
nonyield12,ema.95,1,0.0,0.45680153723294925,0.45430680684613595,0.4825454436903448
nonyield12,ema.995,1,0.0,0.3779126930001517,0.4204748077056724,0.466653839781485
yield12,raw,1,0.0,0.0060408921933085506,0.3047975121422831,0.35062169002551274
yield12,ema.95,1,0.0,0.01579418988938078,0.3029589218912632,0.062268490134001236
yield12,ema.995,1,0.0,0.05919795359611652,0.277026060430599,0.0886235297643921
front,raw,1,0.0,-0.3500099914454887,0.016726586630993145,0.20493998774568226
front,ema.95,1,0.0,-0.33282633755580227,0.015666749880384485,0.215969312117629
front,ema.995,1,0.0,-0.2289761392471376,0.011240533612438236,0.23775311875244445
persist,raw,1,0.0,0.6740260709950622,0.6735940549652863,0.6565529522527148
persist,ema.95,1,0.0,0.687680895278058,0.6827779099486407,0.6245162213835896
persist,ema.995,1,0.0,0.6926753029448756,0.688189489416102,0.573999301618196
rel_speed,raw,1,0.0,-0.1823252939105521,0.007229149058157796,0.15001306746200663
rel_speed,ema.95,1,0.0,-0.16735437471940096,0.007148538476652139,0.06652965099354927
rel_speed,ema.995,1,0.0,-0.12176631959391361,0.004779733814775656,0.025582804259161283
approach,raw,1,0.0,0.6394770358103806,-0.023786925910520253,0.8003754800766019
approach,ema.95,1,0.0,0.6047051129568559,-0.022199803721661072,0.8040385342048612
approach,ema.995,1,0.0,0.3943197392008576,-0.01390832795291035,0.7386095100078444
freeze,raw,2,0.0,0.08306451612903226,5.188695561935729e-05,0.5415063145867065
freeze,ema.95,2,0.0,0.06342380099434049,0.0024383591023109524,0.8355205684355469
freeze,ema.995,2,0.0,0.06190846230624201,0.007121719510717098,0.9178906362456607
retreat,raw,2,0.0,0.0,0.03324224290013491,0.48337887854993256
retreat,ema.95,2,0.0,6.212839102006997e-15,0.035012693756372705,0.09418305383187957
retreat,ema.995,2,0.0,0.0008291520631988575,0.03590074376509747,0.11409656999327143
nonyield12,raw,2,0.0,0.4967741935483871,0.34809228959839494,0.574340951974996
nonyield12,ema.95,2,0.0,0.4714358663249842,0.35153353401929105,0.5221459105825956
nonyield12,ema.995,2,0.0,0.4825859718324501,0.34712413671867604,0.6285135698337051
yield12,raw,2,0.0,0.00967741935483871,0.2884395862880072,0.36061891653341577
yield12,ema.95,2,0.0,0.022543394317144205,0.28727898295540727,0.10972591692061519
yield12,ema.995,2,0.0,0.11082982591356395,0.25843661471090706,0.2340111322626395
front,raw,2,0.0,-0.12424640989492827,0.0006080389300737053,0.36432282222636325
front,ema.95,2,0.0,-0.11270184118153612,0.00013000383412967964,0.3438319660469616
front,ema.995,2,0.0,-0.06675357843602589,-0.0015131413647893938,0.34070799471980484
persist,raw,2,0.0,0.4515508093289734,0.2361066456581291,0.6457008588685965
persist,ema.95,2,0.0,0.47229376925024047,0.2403831058616048,0.5462164924641171
persist,ema.995,2,0.0,0.5832282016049118,0.2953739810837285,0.5784096285451902
rel_speed,raw,2,0.0,-0.23862747163556938,0.009256761723304543,0.1513044129576792
rel_speed,ema.95,2,0.0,-0.21680640247060548,0.008542102742864304,0.0718025779448079
rel_speed,ema.995,2,0.0,-0.16712532125285154,0.004841105163917627,0.033672095641607315
approach,raw,2,0.0,0.3705015775077679,0.012960579263511,0.6387594582109154
approach,ema.95,2,0.0,0.342914328898311,0.01364705063215941,0.6863828124738472
approach,ema.995,2,0.0,0.21945581695583952,0.01732868622102503,0.702208403678283
freeze,raw,3,0.0,0.09070087036188731,0.0,0.5453504351809436
freeze,ema.95,3,0.0,0.08238373355778794,0.001897693338034672,0.8072310795352178
freeze,ema.995,3,0.0,0.06863184789415498,0.0045573224792655395,0.9082533278974082
retreat,raw,3,0.0,0.0,0.015132430635737028,0.4924337846821315
retreat,ema.95,3,0.0,2.6147431636488984e-15,0.016712868224076867,0.09970993546754142
retreat,ema.995,3,0.0,0.00043477056393668317,0.01711280355674163,0.1358911896901162
nonyield12,raw,3,0.0,0.6330737517178195,0.4108498652951261,0.6111119432113467
nonyield12,ema.95,3,0.0,0.6170990170511795,0.4121364479962015,0.6386448698183589
nonyield12,ema.995,3,0.0,0.5304447593136964,0.4013390838424438,0.6338941731661442
yield12,raw,3,0.0,0.017407237746220796,0.28057100871208146,0.3684181145170697
yield12,ema.95,3,0.0,0.018510705894939118,0.2800491242309319,0.10873780497001209
yield12,ema.995,3,0.0,0.07051909618388008,0.2561974669475168,0.16362510656960152
front,raw,3,0.0,-0.2680103312999279,0.019514257580299697,0.24053179587495083
front,ema.95,3,0.0,-0.2578864410980862,0.018572522757729668,0.23506416807080577
front,ema.995,3,0.0,-0.17869928008730696,0.013956027640413697,0.2579748633497746
persist,raw,3,0.0,0.6084289579438484,0.7288705990748467,0.6063269514744627
persist,ema.95,3,0.0,0.6179717381417882,0.7232477097943726,0.5169235484307901
persist,ema.995,3,0.0,0.6014853425223343,0.6818003167816901,0.43750188624969133
rel_speed,raw,3,0.0,-0.1943390054315428,0.005685891804691198,0.15766930572532137
rel_speed,ema.95,3,0.0,-0.1845491401024941,0.005687878067719241,0.06935535963294714
rel_speed,ema.995,3,0.0,-0.1376264321554807,0.003782099291155575,0.054159107042704595
approach,raw,3,0.0,0.6106230729271311,-0.03323637219356291,0.791116112153734
approach,ema.95,3,0.0,0.5880885452666036,-0.031805301741835434,0.7977755933209923
approach,ema.995,3,0.0,0.3868466175515991,-0.020873532676883622,0.7334109839122355
freeze,raw,4,0.0,0.12136139722346619,1.751252145283878e-05,0.5606719423510067
freeze,ema.95,4,0.0,0.11065131229151876,0.0023820165292874743,0.8385179964803361
freeze,ema.995,4,0.0,0.07194541849656685,0.006133293671617806,0.9099209186919744
retreat,raw,4,0.0,0.0004478280340349306,0.020156912192217435,0.49014545792090874
retreat,ema.95,4,0.0,0.0003466599113714245,0.021891360183493355,0.09895805908748266
retreat,ema.995,4,0.0,0.0004016111981768575,0.022339395604119558,0.047128779365647695
nonyield12,raw,4,0.0,0.6354679802955665,0.47140205246751427,0.5820329639140261
nonyield12,ema.95,4,0.0,0.619283958146107,0.4745740501864053,0.5824880306660641
nonyield12,ema.995,4,0.0,0.505658553577028,0.46564719054017134,0.5457512623092909
yield12,raw,4,0.0,0.08687863860277653,0.29466568596546533,0.3961064763186556
yield12,ema.95,4,0.0,0.09247938002323514,0.29304919740818997,0.26086031214512734
yield12,ema.995,4,0.0,0.14385752254804018,0.2657592484900955,0.320563924993204
front,raw,4,0.0,-0.25623767125109004,0.011949526914986514,0.23600719341915677
front,ema.95,4,0.0,-0.2434685827862033,0.010799933783866617,0.22219154720703674
front,ema.995,4,0.0,-0.1637648194568508,0.0066801782753851124,0.2595029035101791
persist,raw,4,0.0,0.5828667953819092,0.6596512129063249,0.6166643829021136
persist,ema.95,4,0.0,0.5865844896545823,0.6630983156008138,0.51247874989238
persist,ema.995,4,0.0,0.5752281246070664,0.6683223097778669,0.40757697396271564
rel_speed,raw,4,0.0,-0.2005972309148336,0.007081550040139893,0.14665078791524028
rel_speed,ema.95,4,0.0,-0.18801699527997898,0.006887668327578304,0.03957129504335412
rel_speed,ema.995,4,0.0,-0.13376025276195516,0.004537777037317675,0.019288767958118267
approach,raw,4,0.0,0.5515582499919311,-0.019331973920430134,0.7426833383361267
approach,ema.95,4,0.0,0.5421365304987137,-0.01817289340810715,0.7724272384535508
approach,ema.995,4,0.0,0.35181190225144726,-0.010158382769016287,0.7185132040255178
freeze,raw,5,0.0,0.06975894813732651,0.0,0.5348794740686632
freeze,ema.95,5,0.0,0.06347109584232322,0.0020016455607035953,0.8892406167736283
freeze,ema.995,5,0.0,0.05296841451167484,0.004653333137005078,0.9355727911115023
retreat,raw,5,0.0,0.0,0.009301586741267628,0.4953492066293662
retreat,ema.95,5,0.0,1.5063530631500919e-18,0.010781115581588455,0.11336443488776471
retreat,ema.995,5,0.0,0.00018441315311038147,0.011013933746016748,0.12568375809255375
nonyield12,raw,5,0.0,0.3929875821767714,0.43893958381135606,0.47702399918270766
nonyield12,ema.95,5,0.0,0.3834411724713453,0.4402999896878487,0.4555275260959633
nonyield12,ema.995,5,0.0,0.32547704703451996,0.4103169650881595,0.42036739464587647
yield12,raw,5,0.0,0.045653761869978084,0.27394673208959175,0.38585351489019315
yield12,ema.95,5,0.0,0.045030160516620565,0.2719407573997349,0.16034736046301612
yield12,ema.995,5,0.0,0.07242630531425646,0.24471748121860928,0.1654598469100768
front,raw,5,0.0,-0.27999443828029436,0.014128942961926485,0.2210552619557208
front,ema.95,5,0.0,-0.26372170594801286,0.013404018494374037,0.21607283035035338
front,ema.995,5,0.0,-0.14969658519340154,0.00781205170353558,0.2738916674820208
persist,raw,5,0.0,0.5722606273272405,0.629605142393587,0.6228591055272141
persist,ema.95,5,0.0,0.5764125542530311,0.6396727932697291,0.5450287766401469
persist,ema.995,5,0.0,0.572605537890575,0.6445744579557012,0.5064387235154999
rel_speed,raw,5,0.0,-0.1885365923158535,0.009113645748099019,0.16578216374203034
rel_speed,ema.95,5,0.0,-0.18040143853731855,0.009118991236205042,0.09406099907929552
rel_speed,ema.995,5,0.0,-0.14413699680506128,0.007136307418478363,0.08506349892996613
approach,raw,5,0.0,0.559154256757069,-0.017955044724669335,0.7493032509275344
approach,ema.95,5,0.0,0.5373487882717518,-0.01743603081969922,0.7744789867668699
approach,ema.995,5,0.0,0.32203069474498675,-0.0063235248672910225,0.7084642578932782
freeze,raw,0,0.3,0.08180943214629452,0.0,0.5409047160731473
freeze,ema.95,0,0.3,0.07809836057787309,0.002121578416550738,0.9115061491982266
freeze,ema.995,0,0.3,0.06947172726689699,0.004453549243168809,0.9528137870429307
retreat,raw,0,0.3,0.0,0.01889593265922705,0.49055203367038647
retreat,ema.95,0,0.3,0.0015391916546211484,0.020397051924024447,0.050939773452458266
retreat,ema.995,0,0.3,0.0018241971106041568,0.020385598146456865,0.06811166349568418
nonyield12,raw,0,0.3,0.7444658325312801,0.5089677092611027,0.6177490616350887
nonyield12,ema.95,0,0.3,0.7257966961411891,0.5087839687722739,0.6485564663393372
nonyield12,ema.995,0,0.3,0.5558167745720306,0.47840677738381254,0.5775235884841776
yield12,raw,0,0.3,0.02935514918190568,0.29920888562896214,0.36507313177647177
yield12,ema.95,0,0.3,0.03990705298846312,0.29753070074086935,0.14691092299971062
yield12,ema.995,0,0.3,0.12563976783109343,0.2701843201968536,0.23906661944187851
front,raw,0,0.3,-0.31028113964937454,0.011714257267275461,0.20024987654674586
front,ema.95,0,0.3,-0.299833629571934,0.010941680294928478,0.19325067079251568
front,ema.995,0,0.3,-0.22013088070948061,0.007859364804327177,0.2043968116611879
persist,raw,0,0.3,0.6380741305274427,0.7717983698316496,0.6144597944615725
persist,ema.95,0,0.3,0.6411300685576325,0.76860739037381,0.5082394783529999
persist,ema.995,0,0.3,0.6309342549490786,0.7226440772399482,0.45523021672422775
rel_speed,raw,0,0.3,-0.210568471085899,0.007594856607285137,0.17498506030312647
rel_speed,ema.95,0,0.3,-0.20366991386253736,0.007237107345710395,0.03371630693483475
rel_speed,ema.995,0,0.3,-0.16353837370908214,0.005265828247344737,0.02365133906629756
approach,raw,0,0.3,0.6573080730897776,-0.01860823738390809,0.817276686850322
approach,ema.95,0,0.3,0.6413098261619927,-0.01762919639506569,0.8237720281844716
approach,ema.995,0,0.3,0.46363247462952406,-0.011311880043710006,0.7893296838334386
freeze,raw,1,0.3,0.17447306791569087,0.0,0.5872365339578455
freeze,ema.95,1,0.3,0.14261571985131039,0.001974331299103112,0.9005386665188456
freeze,ema.995,1,0.3,0.10316442599404228,0.005104579545310469,0.965578815127113
retreat,raw,1,0.3,0.0,0.014075353594089377,0.4929623232029553
retreat,ema.95,1,0.3,3.5265365708493226e-13,0.015979370016880354,0.02658458723928758
retreat,ema.995,1,0.3,0.00017266289357563842,0.01639680958794696,0.0264223137977845
nonyield12,raw,1,0.3,0.892271662763466,0.46186998683107866,0.7152008379661937
nonyield12,ema.95,1,0.3,0.8272675364992409,0.4640362448495677,0.7245348151330407
nonyield12,ema.995,1,0.3,0.5483591308918206,0.4526975689111426,0.5816192654522346
yield12,raw,1,0.3,0.09836065573770492,0.2991397444887209,0.399610455624492
yield12,ema.95,1,0.3,0.10804501222013203,0.29694040774945984,0.3153115355689646
yield12,ema.995,1,0.3,0.1218849977482154,0.26603802581346725,0.3493385119315138
front,raw,1,0.3,-0.15354032792814074,0.005541518001212697,0.32011425267883353
front,ema.95,1,0.3,-0.1351301480389227,0.0047777412588103346,0.30076792606851643
front,ema.995,1,0.3,-0.04765372825073206,0.0035429614931688277,0.34801881610920476
persist,raw,1,0.3,0.7996526375538012,0.8118484810210468,0.7904615799253073
persist,ema.95,1,0.3,0.8006943976098921,0.8065984074323883,0.6479182598455401
persist,ema.995,1,0.3,0.6211278501638153,0.7517601758268708,0.3960594449090778
rel_speed,raw,1,0.3,-0.1049249955841577,0.00370112277946855,0.4714874568817857
rel_speed,ema.95,1,0.3,-0.0799988153974628,0.0035854798986992603,0.29121283807017045
rel_speed,ema.995,1,0.3,-0.06191078157897925,0.0020742092460985136,0.08330805675320863
approach,raw,1,0.3,0.810357480772749,-0.022338163331587606,0.8833429386340441
approach,ema.95,1,0.3,0.7505109925885497,-0.021114501156509292,0.8795009852359005
approach,ema.995,1,0.3,0.42921029360388957,-0.018321887184854734,0.766385602310431
freeze,raw,2,0.3,0.09348582794629537,0.0,0.5467429139731477
freeze,ema.95,2,0.3,0.09071051653962037,0.0019437920165485082,0.9406248604568032
freeze,ema.995,2,0.3,0.08589094986626168,0.00476505485264106,0.9736410313438518
retreat,raw,2,0.3,0.0,0.020866409616693126,0.4895667951916534
retreat,ema.95,2,0.3,4.712839696962976e-18,0.022678252051144883,0.035985771575940816
retreat,ema.995,2,0.3,0.0001225116855024801,0.02256300846418338,0.041290093973176664
nonyield12,raw,2,0.3,0.7931377424167081,0.5928433100127362,0.600147216201986
nonyield12,ema.95,2,0.3,0.7764456884256307,0.59334766463425,0.5936921664345758
nonyield12,ema.995,2,0.3,0.6326201508303105,0.5586271222296939,0.537179079277037
yield12,raw,2,0.3,0.07807061163600199,0.2874016434914598,0.3953344840722711
yield12,ema.95,2,0.3,0.0882279190100091,0.28622441797687376,0.3073780912242294
yield12,ema.995,2,0.3,0.1693897631742165,0.2576066049315981,0.40628674294104133
front,raw,2,0.3,-0.22295048813459803,0.008612755296690026,0.26854268652581603
front,ema.95,2,0.3,-0.21714319032774243,0.00799034537010483,0.25235454351174097
front,ema.995,2,0.3,-0.12141584141650057,0.0038249857759373286,0.2977725134021548
persist,raw,2,0.3,0.5757697560812493,0.8061228302683574,0.588940689945551
persist,ema.95,2,0.3,0.579130628665131,0.8023335155146102,0.39440899086290127
persist,ema.995,2,0.3,0.571506337928486,0.7518024909879981,0.3186560314973683
rel_speed,raw,2,0.3,-0.21199139364952096,0.007429657384673229,0.2971047969007141
rel_speed,ema.95,2,0.3,-0.20309506617891324,0.0072890497164669965,0.11665324116698667
rel_speed,ema.995,2,0.3,-0.1635042852716057,0.0050991192335480785,0.0153405879470925
approach,raw,2,0.3,0.5163957406359287,-0.02497564809818487,0.7308688581592351
approach,ema.95,2,0.3,0.5055549441172316,-0.024382017873535916,0.75151461872207
approach,ema.995,2,0.3,0.3329279142904575,-0.015445752058667439,0.7184913250861039
freeze,raw,3,0.3,0.08481927710843373,0.0,0.5424096385542169
freeze,ema.95,3,0.3,0.08287699525299605,0.002079076581397461,0.9278572555791604
freeze,ema.995,3,0.3,0.06626219492602548,0.005521513426797781,0.9637148246730166
retreat,raw,3,0.3,0.0,0.02401063253064722,0.4879946837346764
retreat,ema.95,3,0.3,0.0007006731528218615,0.02553248152623785,0.15096615832197158
retreat,ema.995,3,0.3,0.004999530283568263,0.024008222552260008,0.20070028395413667
nonyield12,raw,3,0.3,0.6973493975903614,0.53832432716017,0.5795125352150957
nonyield12,ema.95,3,0.3,0.6930492755327476,0.5385790558334975,0.6251931939499249
nonyield12,ema.995,3,0.3,0.63774426047445,0.5060862714765824,0.6045777907285192
yield12,raw,3,0.3,0.10554216867469879,0.27485441477362155,0.41534387695053865
yield12,ema.95,3,0.3,0.11033471895165974,0.2742111402071955,0.24686141660182517
yield12,ema.995,3,0.3,0.12223479505560185,0.2518902298708101,0.30216035223207505
front,raw,3,0.3,-0.2065516658540453,0.0060335836807157775,0.3030117511123135
front,ema.95,3,0.3,-0.19089453264601516,0.004730455174444902,0.3026428151091328
front,ema.995,3,0.3,-0.12933766426422208,0.0013812658272129047,0.3085882336333425
persist,raw,3,0.3,0.6066821426164323,0.8234284869434305,0.5745958578556395
persist,ema.95,3,0.3,0.6040701446430409,0.8193888935367798,0.4266454370021927
persist,ema.995,3,0.3,0.579490070869617,0.7597456611079578,0.33997328804225874
rel_speed,raw,3,0.3,-0.2061396128482045,0.006430094483217693,0.341192657940929
rel_speed,ema.95,3,0.3,-0.1992705154784307,0.006472197575188718,0.16251638525140907
rel_speed,ema.995,3,0.3,-0.15018089572514956,0.004159675550830926,0.04541766035865828
approach,raw,3,0.3,0.4601862681964803,-0.0030739424268296793,0.6931542675607735
approach,ema.95,3,0.3,0.4416960394810314,-0.0015488456869996348,0.701426993320325
approach,ema.995,3,0.3,0.3663849001614017,0.0014376455179255828,0.7216756264868508
freeze,raw,4,0.3,0.10948560641812176,0.0,0.5547428032090609
freeze,ema.95,4,0.3,0.10134263907132712,0.0020906579984918275,0.9016470745127851
freeze,ema.995,4,0.3,0.08528416573834138,0.005149810388015965,0.9619917176523755
retreat,raw,4,0.3,0.0,0.01839385938838669,0.49080307030580667
retreat,ema.95,4,0.3,2.8343180682199557e-19,0.01999102221882372,0.007660136418117547
retreat,ema.995,4,0.3,0.00010487729966766401,0.019407780332807333,0.01583708926846612
nonyield12,raw,4,0.3,0.7111845210004719,0.5744409280856049,0.5683717964574335
nonyield12,ema.95,4,0.3,0.6981490526691657,0.5750229963814586,0.5882236072626826
nonyield12,ema.995,4,0.3,0.5890248949970891,0.5416688175725127,0.5304781050381004
yield12,raw,4,0.3,0.11137328928739972,0.29293794695155,0.40921767116792485
yield12,ema.95,4,0.3,0.10910724118717048,0.2923282652499293,0.2677667159243318
yield12,ema.995,4,0.3,0.09029794529297629,0.27170264281115225,0.22142976687555538
front,raw,4,0.3,-0.21502941306221005,0.007393397447674071,0.2608717704862402
front,ema.95,4,0.3,-0.1997063655366692,0.006481963821993423,0.2505559217468597
front,ema.995,4,0.3,-0.12578561355249845,0.002871891227947224,0.28102407150467323
persist,raw,4,0.3,0.596369808881222,0.8135241027381138,0.5958054464121372
persist,ema.95,4,0.3,0.6010694957409725,0.8123267718943259,0.5071828481833288
persist,ema.995,4,0.3,0.5744911822438863,0.7630074784589912,0.3543993802823582
rel_speed,raw,4,0.3,-0.18747528523610837,0.007628485299580034,0.3389371013344474
rel_speed,ema.95,4,0.3,-0.17729488611684155,0.0075921839970083055,0.23146892235852562
rel_speed,ema.995,4,0.3,-0.1321302364984984,0.0050642684705077155,0.11327097281951039
approach,raw,4,0.3,0.5644469161014807,-0.02306232806624357,0.7576047593979558
approach,ema.95,4,0.3,0.549946906808501,-0.022199118267172337,0.781643588638181
approach,ema.995,4,0.3,0.3921323907892803,-0.014801808086769312,0.7608169277424138
freeze,raw,5,0.3,0.0944954128440367,0.0,0.5472477064220184
freeze,ema.95,5,0.3,0.08270772783881965,0.0019010619609719918,0.8915194948122842
freeze,ema.995,5,0.3,0.06459285722127417,0.0042255304091266335,0.9518664518317395
retreat,raw,5,0.3,0.0,0.02592256397723702,0.4870387180113815
retreat,ema.95,5,0.3,1.9608138953956316e-22,0.02676512376836681,0.02952014950256031
retreat,ema.995,5,0.3,5.050581425145031e-05,0.02142697323422944,0.031577579356372835
nonyield12,raw,5,0.3,0.4651376146788991,0.46538421254756834,0.4998767010656654
nonyield12,ema.95,5,0.3,0.44850638049539643,0.4639922503302867,0.47168984640722694
nonyield12,ema.995,5,0.3,0.3942390007394159,0.419809323507742,0.4873818498651703
yield12,raw,5,0.3,0.08256880733944955,0.2819187934224767,0.40032500695848644
yield12,ema.95,5,0.3,0.08150842567520666,0.2809425572631492,0.19482651348280813
yield12,ema.995,5,0.3,0.07659427876550706,0.25365886648366925,0.18712555095357689
front,raw,5,0.3,-0.2888297244884623,0.008598249690267727,0.2612578701362262
front,ema.95,5,0.3,-0.27320971348601647,0.007871260680558708,0.2685197513714384
front,ema.995,5,0.3,-0.1748587238682976,0.004568358834948323,0.34250796022019886
persist,raw,5,0.3,0.7120572710834785,0.7599213927547912,0.6491865617453966
persist,ema.95,5,0.3,0.7223334257819214,0.7578536090102743,0.5507331954554757
persist,ema.995,5,0.3,0.6973648094714924,0.7324125171914239,0.5132160474708104
rel_speed,raw,5,0.3,-0.194156018234229,0.00640624162947879,0.2738822460745008
rel_speed,ema.95,5,0.3,-0.1776302586504862,0.0063581690880472564,0.09818160096115194
rel_speed,ema.995,5,0.3,-0.11997415782804777,0.004202682017127191,0.037655989407085706
approach,raw,5,0.3,0.5588716494972354,-0.027538742363040047,0.7687497257443499
approach,ema.95,5,0.3,0.5323331796208002,-0.02607425432904922,0.7666008026041555
approach,ema.995,5,0.3,0.334123316838307,-0.020542455456104006,0.6872465917829964
