n_agents,informed_fraction,method,success_mean,success_std,completion_time_mean,completion_time_std,mission_progress_mean,mission_progress_std,order_mean,order_std,heading_accuracy_mean,heading_accuracy_std,cluster_velocity_ratio_mean,cluster_velocity_ratio_std,min_distance_mean_mean,min_distance_mean_std,min_distance_overall_mean,min_distance_overall_std,collisions_mean,collisions_std,safety_breaches_mean,safety_breaches_std,swarm_radius_mean,swarm_radius_std,mean_pair_distance_mean,mean_pair_distance_std,fragmented_fraction_mean,fragmented_fraction_std,isolated_fraction_mean,isolated_fraction_std,fragmented_at_end_mean,fragmented_at_end_std,election_time_mean,election_time_std,unique_leader_fraction_mean,unique_leader_fraction_std,post_arrival_breaches_mean,post_arrival_breaches_std,single_leader_at_end_mean,single_leader_at_end_std,leader_changes_mean,leader_changes_std,arrival_radius_mean,arrival_radius_std,runtime_s_mean,runtime_s_std
10,0.3000,cb-ele,1.0000,0.0000,1549.0000,196.4854,0.9849,0.0023,0.8344,0.0512,0.8526,0.0601,0.5006,0.0783,10.8317,0.4042,5.0000,0.0000,0.0000,0.0000,0.0000,0.0000,40.8610,12.7577,33.8724,10.2782,0.0501,0.1121,0.0000,0.0000,0.0000,0.0000,187.0000,336.0394,0.8475,0.2322,0.0000,0.0000,1.0,0.0000,10.4000,1.1402,34.6410,0.0000,10.2982,0.1988
10,0.3000,couzin,1.0000,0.0000,1755.6000,253.9386,0.9843,0.0011,0.5148,0.0126,0.8118,0.0419,0.4886,0.0178,10.7019,0.0962,4.9965,0.0079,0.0000,0.0000,1.0000,2.2361,28.7442,4.3779,25.2905,1.8187,0.0339,0.0758,0.0000,0.0000,0.0000,0.0000,,,,,0.0000,0.0000,,,,,34.6410,0.0000,2.7778,0.1121
10,0.3000,pacnav,1.0000,0.0000,1824.0000,120.2913,0.9856,0.0024,0.8683,0.0297,0.9457,0.0095,0.3660,0.0238,10.9861,0.2341,5.1342,0.2057,0.0000,0.0000,0.0000,0.0000,40.5356,12.5003,30.0876,7.9434,0.0484,0.0373,0.0048,0.0037,0.0000,0.0000,,,,,0.0000,0.0000,,,,,34.6410,0.0000,7.4449,1.6133
20,0.3000,cb-ele,0.8000,0.4472,1371.7500,69.4760,0.8517,0.2866,0.8367,0.1625,0.8677,0.1792,0.4854,0.0115,9.4314,1.1134,5.0000,0.0000,0.0000,0.0000,0.0000,0.0000,77.3439,102.2113,60.2640,74.1950,0.1721,0.3848,0.0000,0.0000,0.2000,0.4472,233.0000,317.2801,0.6446,0.4021,0.0000,0.0000,0.8,0.4472,12.0000,2.9155,48.9898,0.0000,18.2885,0.7286
20,0.3000,couzin,0.0000,0.0000,,,0.5815,0.1297,0.2284,0.0210,0.6250,0.0381,0.3051,0.0238,8.3968,0.4861,3.8981,2.1818,0.2000,0.4472,13.8000,4.6043,347.2379,104.6842,276.6330,51.2688,0.8359,0.0884,0.0000,0.0000,1.0000,0.0000,,,,,,,,,,,48.9898,0.0000,6.4507,2.8337
20,0.3000,pacnav,1.0000,0.0000,1938.0000,115.9202,0.9825,0.0026,0.7726,0.0446,0.9274,0.0215,0.3512,0.0141,9.8986,0.4116,5.0000,0.0000,0.0000,0.0000,0.0000,0.0000,116.0742,97.6748,50.0557,11.1677,0.4807,0.3429,0.0086,0.0182,0.0000,0.0000,,,,,2.2000,4.9193,,,,,48.9898,0.0000,21.5880,2.6556
30,0.3000,cb-ele,0.8000,0.4472,1436.0000,215.6571,0.9800,0.0083,0.8046,0.1418,0.8749,0.1270,0.4761,0.0279,9.0731,0.7725,5.0000,0.0000,0.0000,0.0000,0.0000,0.0000,78.0824,61.8654,60.7186,56.5115,0.1476,0.2150,0.0000,0.0000,0.0000,0.0000,101.8000,50.8104,0.9085,0.0419,0.0000,0.0000,1.0,0.0000,11.6000,1.8166,60.0000,0.0000,24.4741,0.4366
30,0.3000,couzin,0.0000,0.0000,,,0.6778,0.1576,0.1907,0.0298,0.6721,0.0453,0.2802,0.0179,7.3778,0.6029,3.8241,2.1455,12.2000,27.2800,33.6000,40.7836,304.1360,84.7526,264.3972,84.5104,0.8239,0.0257,0.0000,0.0000,1.0000,0.0000,,,,,,,,,,,60.0000,0.0000,11.5616,5.1435
30,0.3000,pacnav,0.8000,0.4472,1936.6000,110.7217,0.9816,0.0054,0.6940,0.0313,0.9018,0.0331,0.3622,0.0059,8.8754,0.3108,3.9697,2.2194,0.6000,1.3416,6.2000,5.8907,93.5034,14.9604,52.1174,3.7898,0.2563,0.1579,0.0009,0.0006,0.0000,0.0000,,,,,21.8000,22.1856,,,,,60.0000,0.0000,34.4854,4.7376
50,0.3000,cb-ele,1.0000,0.0000,1421.2000,169.4748,0.9851,0.0064,0.7792,0.0284,0.9403,0.0136,0.4666,0.0500,8.6717,0.1437,5.0000,0.0000,0.0000,0.0000,0.0000,0.0000,117.0796,32.6921,63.1339,7.6223,0.2907,0.2788,0.0000,0.0000,0.0000,0.0000,133.4000,61.8652,0.6397,0.2285,0.0000,0.0000,1.0,0.0000,14.2000,4.5497,77.4597,0.0000,38.8190,0.6796
50,0.3000,couzin,0.0000,0.0000,,,0.6892,0.1437,0.1377,0.0144,0.7127,0.0522,0.2292,0.0113,6.5951,0.1371,4.6083,0.6149,0.0000,0.0000,14.6000,12.1778,342.7402,82.6740,258.4491,42.8605,0.8511,0.0202,0.0000,0.0000,1.0000,0.0000,,,,,,,,,,,77.4597,0.0000,37.7396,1.9315
50,0.3000,pacnav,0.6000,0.5477,1899.2500,121.0768,0.8865,0.2074,0.5422,0.1990,0.8639,0.1152,0.3257,0.0709,7.6252,0.7910,3.8372,2.1541,0.6000,1.3416,20.6000,18.0361,170.5442,101.7397,118.6143,119.8755,0.5997,0.2353,0.0004,0.0004,0.2000,0.4472,,,,,2276.2500,4495.8958,,,,,77.4597,0.0000,77.0522,5.1369
80,0.3000,cb-ele,0.2000,0.4472,1331.0000,,0.2435,0.4094,0.1595,0.3167,0.6284,0.1746,0.1511,0.1833,5.5878,1.2947,5.0000,0.0000,0.0000,0.0000,0.0000,0.0000,67.1330,33.3352,42.7347,12.1772,0.0686,0.0979,0.0000,0.0000,0.2000,0.4472,40.3333,24.3790,0.2088,0.3664,0.0000,,0.2,0.4472,9.6000,5.7271,97.9796,0.0000,122.5448,30.6008
80,0.3000,couzin,0.0000,0.0000,,,0.7356,0.0444,0.1248,0.0074,0.7422,0.0278,0.2112,0.0032,6.1796,0.0663,4.6976,0.4615,0.0000,0.0000,23.8000,29.5753,396.5491,92.5712,244.1094,30.6615,0.8273,0.0485,0.0000,0.0000,1.0000,0.0000,,,,,,,,,,,97.9796,0.0000,72.9462,2.1669
80,0.3000,pacnav,0.8000,0.4472,1839.0000,35.1141,0.9741,0.0033,0.5564,0.0398,0.9164,0.0120,0.3572,0.0055,7.0811,0.3379,3.6050,2.1716,1.4000,3.1305,19.4000,28.1833,132.3224,13.1840,79.4118,6.3275,0.4149,0.1968,0.0004,0.0004,0.0000,0.0000,,,,,4203.2000,2429.4941,,,,,97.9796,0.0000,150.0585,3.1582
