n_agents,informed_fraction,method,seed,success,completion_time,mission_progress,order,heading_accuracy,cluster_velocity_ratio,min_distance_mean,min_distance_overall,collisions,safety_breaches,swarm_radius,mean_pair_distance,fragmented_fraction,isolated_fraction,fragmented_at_end,election_time,unique_leader_fraction,post_arrival_breaches,single_leader_at_end,leader_changes,arrival_radius,runtime_s
10,0.3000,cb-ele,0,True,1287.0000,0.9891,0.8824,0.9453,0.5298,10.3647,5.0000,0,0,28.5827,25.1680,0.0404,0.0000,False,439.0000,0.6568,0.0000,True,14.0000,34.6410,10.1943
10,0.3000,cb-ele,1,True,1328.0000,0.9833,0.8936,0.9515,0.4988,10.7320,5.0000,0,0,24.7935,22.1632,0.0000,0.0000,False,34.0000,0.9624,0.0000,True,8.0000,34.6410,10.5136
10,0.3000,cb-ele,2,True,1234.0000,0.9959,0.7858,0.9453,0.5474,11.2739,5.0000,0,0,118.8982,86.6057,0.6721,0.0000,False,61.0000,0.4057,0.0000,True,11.0000,34.6410,10.5712
10,0.3000,cb-ele,3,True,1355.0000,0.9940,0.8593,0.9538,0.4948,10.9759,5.0000,0,0,84.5493,73.3630,0.5981,0.0000,False,43.0000,0.4366,0.0000,True,7.0000,34.6410,10.4539
10,0.3000,cb-ele,4,True,1393.0000,0.9840,0.8971,0.9459,0.4806,11.1054,5.0000,0,0,27.5965,24.2518,0.0000,0.0000,False,47.0000,0.9440,0.0000,True,12.0000,34.6410,9.6427
10,0.3000,couzin,0,True,1655.0000,0.9846,0.5315,0.8293,0.4981,10.7306,5.0000,0,0,25.5290,24.2129,0.0000,0.0000,False,,,0.0000,,,34.6410,2.9394
10,0.3000,couzin,1,True,1779.0000,0.9824,0.5083,0.8033,0.4865,10.5442,5.0000,0,0,26.5900,23.9403,0.0000,0.0000,False,,,0.0000,,,34.6410,2.8049
10,0.3000,couzin,2,True,1621.0000,0.9854,0.5171,0.8335,0.5071,10.7475,4.9824,0,5,27.2352,24.5500,0.0000,0.0000,False,,,0.0000,,,34.6410,2.7080
10,0.3000,couzin,3,True,1540.0000,0.9846,0.5194,0.8497,0.4912,10.7971,5.0000,0,0,27.9552,25.3450,0.0000,0.0000,False,,,0.0000,,,34.6410,2.6427
10,0.3000,couzin,4,True,2183.0000,0.9846,0.4980,0.7431,0.4600,10.6901,5.0000,0,0,36.4115,28.4042,0.1694,0.0000,False,,,0.0000,,,34.6410,2.7939
10,0.3000,pacnav,0,True,1976.0000,0.9888,0.8297,0.9384,0.3411,10.8866,5.0000,0,0,33.0567,25.7134,0.0248,0.0025,False,,,0.0000,,,34.6410,6.5983
10,0.3000,pacnav,1,True,1860.0000,0.9832,0.8991,0.9537,0.3561,11.0064,5.2048,0,0,45.3665,28.3235,0.0580,0.0058,False,,,0.0000,,,34.6410,6.7796
10,0.3000,pacnav,2,True,1834.0000,0.9874,0.8726,0.9566,0.3602,10.6553,5.0000,0,0,25.2348,23.0332,0.0000,0.0000,False,,,0.0000,,,34.6410,10.3222
10,0.3000,pacnav,3,True,1808.0000,0.9845,0.8933,0.9452,0.3676,11.1030,5.4662,0,0,40.8337,29.8518,0.0619,0.0062,False,,,0.0000,,,34.6410,6.9033
10,0.3000,pacnav,4,True,1642.0000,0.9841,0.8471,0.9345,0.4048,11.2790,5.0000,0,0,58.1864,43.5161,0.0974,0.0097,False,,,0.0000,,,34.6410,6.6207
20,0.3000,cb-ele,0,True,1432.0000,0.9848,0.8667,0.9467,0.4655,10.2340,5.0000,0,0,37.7384,30.7011,0.0000,0.0000,False,96.0000,0.9163,0.0000,True,11.0000,48.9898,16.6095
20,0.3000,cb-ele,1,True,1459.0000,0.9842,0.8519,0.9513,0.4549,10.5365,5.0000,0,0,40.3148,32.0550,0.0000,0.0000,False,80.0000,0.9336,0.0000,True,13.0000,48.9898,15.7477
20,0.3000,cb-ele,2,True,1556.0000,0.9821,0.8431,0.8759,0.4661,9.7996,5.0000,0,0,43.3005,31.8278,0.0000,0.0000,False,72.0000,0.9306,0.0000,True,16.0000,48.9898,16.4434
20,0.3000,cb-ele,3,True,1277.0000,0.9905,0.8689,0.9490,0.5176,9.6690,5.0000,0,0,58.0314,38.3276,0.0955,0.0000,False,74.0000,0.8685,0.0000,True,14.0000,48.9898,16.0416
20,0.3000,cb-ele,4,True,1369.0000,0.9767,0.9070,0.9538,0.4874,9.2300,5.0000,0,0,37.8044,29.2958,0.0000,0.0000,False,77.0000,0.9153,0.0000,True,15.0000,48.9898,16.4294
20,0.3000,couzin,0,False,,0.5175,0.2441,0.6019,0.3409,8.0040,4.6901,0,19,383.9174,251.1257,0.8893,0.0000,True,,,,,,48.9898,11.5144
20,0.3000,couzin,1,False,,0.7555,0.2282,0.6864,0.3006,8.0207,4.9498,0,9,277.5574,277.2899,0.8077,0.0000,True,,,,,,48.9898,5.1335
20,0.3000,couzin,2,False,,0.6837,0.2487,0.6292,0.3104,9.1131,4.9554,0,9,224.7050,204.7739,0.6950,0.0000,True,,,,,,48.9898,5.3350
20,0.3000,couzin,3,False,,0.4725,0.2256,0.5864,0.2982,8.1634,4.8951,0,15,352.4629,328.3666,0.8713,0.0000,True,,,,,,48.9898,5.2708
20,0.3000,couzin,4,False,,0.4784,0.1953,0.6214,0.2752,8.6827,0.0000,1,17,497.5467,321.6089,0.9163,0.0000,True,,,,,,48.9898,4.9997
20,0.3000,pacnav,0,True,1827.0000,0.9795,0.7812,0.9306,0.3660,9.8014,5.0000,0,0,288.6058,64.7761,0.8939,0.0412,False,,,0.0000,,,48.9898,16.9703
20,0.3000,pacnav,1,True,2030.0000,0.9866,0.7047,0.8979,0.3512,9.5533,5.0000,0,0,75.8101,37.9899,0.3072,0.0006,False,,,11.0000,,,48.9898,22.4290
20,0.3000,pacnav,2,True,1854.0000,0.9820,0.7958,0.9432,0.3598,10.1316,5.0000,0,0,67.9343,51.4901,0.5321,0.0000,False,,,0.0000,,,48.9898,21.8747
20,0.3000,pacnav,3,True,1888.0000,0.9822,0.8229,0.9509,0.3499,10.4895,5.0000,0,0,52.5985,40.0683,0.0000,0.0000,False,,,0.0000,,,48.9898,23.3893
20,0.3000,pacnav,4,True,2091.0000,0.9821,0.7585,0.9144,0.3288,9.5173,5.0000,0,0,95.4221,55.9543,0.6702,0.0012,False,,,0.0000,,,48.9898,23.2765
30,0.3000,cb-ele,0,True,1493.0000,0.9854,0.8197,0.9695,0.4353,9.8934,5.0000,0,0,164.4128,61.7361,0.5643,0.0000,False,100.0000,0.4987,0.0000,True,15.0000,60.0000,24.3723
30,0.3000,cb-ele,1,True,1324.0000,0.9768,0.8472,0.9649,0.4887,9.6063,5.0000,0,0,47.1459,35.3487,0.0000,0.0000,False,75.0000,0.9132,0.0000,True,12.0000,60.0000,23.9657
30,0.3000,cb-ele,2,True,1380.0000,0.9794,0.7521,0.8852,0.5018,10.0367,5.0000,0,0,110.8151,87.7328,0.5865,0.0000,False,565.0000,0.5807,0.0000,True,10.0000,60.0000,24.1039
30,0.3000,cb-ele,3,True,1366.0000,0.9781,0.8681,0.9665,0.4753,9.2064,5.0000,0,0,44.2012,34.7391,0.0000,0.0000,False,105.0000,0.7696,0.0000,True,13.0000,60.0000,24.5990
30,0.3000,cb-ele,4,True,1368.0000,0.9741,0.8567,0.9658,0.4685,9.8941,5.0000,0,0,45.7652,35.8401,0.0000,0.0000,False,78.0000,0.9204,0.0000,True,13.0000,60.0000,23.7964
30,0.3000,couzin,0,False,,0.5356,0.1891,0.6212,0.2756,7.2182,4.6360,0,13,312.1327,290.5618,0.7923,0.0000,True,,,,,,60.0000,10.1819
30,0.3000,couzin,1,False,,0.8855,0.2342,0.7097,0.3033,6.9736,4.9615,0,14,161.6221,119.6736,0.8040,0.0000,True,,,,,,60.0000,8.5329
30,0.3000,couzin,2,False,,0.5184,0.1650,0.6267,0.2548,6.7240,4.5624,0,24,346.9612,288.8771,0.8260,0.0000,True,,,,,,60.0000,20.4155
30,0.3000,couzin,3,False,,0.7802,0.2033,0.7159,0.2891,8.2062,4.9605,0,11,315.9223,280.5027,0.8523,0.0000,True,,,,,,60.0000,7.5400
30,0.3000,couzin,4,False,,0.6693,0.1619,0.6871,0.2783,7.7671,0.0000,61,106,384.0418,342.3707,0.8450,0.0000,True,,,,,,60.0000,11.1378
30,0.3000,pacnav,0,True,1824.0000,0.9790,0.7144,0.9155,0.3722,9.1190,4.9976,0,0,85.0328,53.5214,0.2389,0.0012,False,,,18.0000,,,60.0000,36.5404
30,0.3000,pacnav,1,True,2075.0000,0.9752,0.6844,0.8721,0.3603,8.7395,4.9199,0,9,101.0110,57.6682,0.3044,0.0002,False,,,24.0000,,,60.0000,26.8567
30,0.3000,pacnav,2,True,1822.0000,0.9890,0.7377,0.9520,0.3618,9.2873,5.0000,0,0,74.0896,49.1021,0.0642,0.0013,False,,,9.0000,,,60.0000,38.0965
30,0.3000,pacnav,3,True,1989.0000,0.9849,0.6644,0.8745,0.3602,8.6588,4.9309,0,9,113.2479,52.1243,0.4905,0.0014,False,,,58.0000,,,60.0000,32.9771
30,0.3000,pacnav,4,False,1973.0000,0.9798,0.6691,0.8949,0.3565,8.5723,0.0000,3,13,94.1358,48.1709,0.1834,0.0005,False,,,0.0000,,,60.0000,37.9562
50,0.3000,cb-ele,0,True,1329.0000,0.9783,0.8228,0.9651,0.4820,9.2275,5.0000,0,0,103.2177,54.8136,0.2556,0.0000,False,1226.0000,0.0812,0.0000,True,19.0000,77.4597,35.4764
50,0.3000,cb-ele,1,True,1342.0000,0.9759,0.8313,0.9618,0.4779,9.1254,5.0000,0,0,59.2241,44.9056,0.0000,0.0000,False,121.0000,0.8764,0.0000,True,16.0000,77.4597,35.7621
50,0.3000,cb-ele,2,True,1120.0000,0.9770,0.8106,0.9635,0.5712,9.3273,5.0000,0,0,107.5326,59.9907,0.0000,0.0000,False,66.0000,0.9313,0.0000,True,20.0000,77.4597,35.4426
50,0.3000,cb-ele,3,True,1247.0000,0.9661,0.8531,0.9693,0.5064,8.0616,5.0000,0,0,53.6776,41.4263,0.0000,0.0000,False,67.0000,0.9119,0.0000,True,14.0000,77.4597,35.3790
50,0.3000,cb-ele,4,True,1351.0000,0.9693,0.8199,0.9499,0.4829,9.1634,5.0000,0,0,66.9969,46.7016,0.0000,0.0000,False,101.0000,0.8824,0.0000,True,17.0000,77.4597,36.6659
50,0.3000,couzin,0,False,,0.6804,0.1346,0.7059,0.2215,6.4676,4.8289,0,25,313.3823,272.7792,0.8517,0.0000,True,,,,,,77.4597,40.4445
50,0.3000,couzin,1,False,,0.4736,0.1222,0.6312,0.2205,6.4647,3.5229,0,28,379.8327,266.8496,0.8783,0.0000,True,,,,,,77.4597,38.5672
50,0.3000,couzin,2,False,,0.8653,0.1597,0.7733,0.2439,6.5874,4.7441,0,15,212.3850,187.1685,0.8617,0.0000,True,,,,,,77.4597,37.2104
50,0.3000,couzin,3,False,,0.7575,0.1426,0.7349,0.2389,6.6703,4.9457,0,5,421.2531,262.5659,0.8267,0.0000,True,,,,,,77.4597,37.2701
50,0.3000,couzin,4,False,,0.6690,0.1294,0.7184,0.2210,6.7853,4.9999,0,0,386.8480,302.8824,0.8373,0.0000,True,,,,,,77.4597,35.2058
50,0.3000,pacnav,0,False,,0.5158,0.2054,0.6609,0.2030,6.3957,4.8245,0,13,351.8127,332.8150,0.8883,0.0002,True,,,,,,77.4597,71.4894
50,0.3000,pacnav,1,False,1830.0000,0.9775,0.6848,0.9191,0.3766,8.3743,0.0000,3,42,116.7464,60.1584,0.5336,0.0010,False,,,58.0000,,,77.4597,75.2059
50,0.3000,pacnav,2,True,2022.0000,0.9893,0.5874,0.8881,0.3413,7.6403,4.9983,0,0,139.3227,65.2152,0.7954,0.0000,False,,,9020.0000,,,77.4597,80.4523
50,0.3000,pacnav,3,True,1766.0000,0.9810,0.6929,0.9431,0.3714,8.2589,4.8905,0,11,117.6933,74.2510,0.3271,0.0004,False,,,27.0000,,,77.4597,73.9774
50,0.3000,pacnav,4,True,1979.0000,0.9690,0.5405,0.9083,0.3362,7.4568,4.4728,0,37,127.1460,60.6320,0.4540,0.0003,False,,,0.0000,,,77.4597,84.1362
80,0.3000,cb-ele,0,True,1280.0000,0.9714,0.7901,0.9732,0.4906,8.6871,5.0000,0,0,79.3806,57.9172,0.0000,0.0000,False,125.0000,0.8876,0.0000,True,31.0000,97.9796,62.6375
80,0.3000,cb-ele,1,True,1165.0000,0.9768,0.7549,0.9497,0.5479,8.8492,5.0000,0,0,103.2582,63.7900,0.0000,0.0000,False,584.0000,0.5077,0.0000,True,26.0000,97.9796,64.3961
80,0.3000,cb-ele,2,True,1151.0000,0.9728,0.7787,0.9718,0.5456,8.7045,5.0000,0,0,173.2262,79.1756,0.3837,0.0000,False,142.0000,0.8464,0.0000,True,28.0000,97.9796,63.3082
80,0.3000,cb-ele,3,True,1379.0000,0.9664,0.8003,0.9654,0.4536,9.2558,5.0000,0,0,82.0541,58.9016,0.0000,0.0000,False,89.0000,0.5377,0.0000,True,29.0000,97.9796,62.1332
80,0.3000,cb-ele,4,True,1363.0000,0.9783,0.7734,0.9605,0.4653,9.4922,5.0000,0,0,133.9554,72.4793,0.2522,0.0000,False,705.0000,0.4890,0.0000,True,31.0000,97.9796,55.4465
80,0.3000,couzin,0,False,,0.6979,0.1275,0.7187,0.2117,6.2039,3.9309,0,45,423.6300,262.6630,0.8163,0.0000,True,,,,,,97.9796,72.7856
80,0.3000,couzin,1,False,,0.6897,0.1273,0.7077,0.2091,6.2033,5.0000,0,0,254.5830,211.7725,0.7597,0.0000,True,,,,,,97.9796,73.0851
80,0.3000,couzin,2,False,,0.7947,0.1296,0.7739,0.2159,6.1603,4.9999,0,0,358.4430,214.3322,0.8747,0.0000,True,,,,,,97.9796,72.7617
80,0.3000,couzin,3,False,,0.7647,0.1280,0.7533,0.2118,6.2538,4.9631,0,9,462.2105,249.5319,0.8743,0.0000,True,,,,,,97.9796,69.9931
80,0.3000,couzin,4,False,,0.7311,0.1116,0.7571,0.2075,6.0769,4.5941,0,65,483.8788,282.2474,0.8117,0.0000,True,,,,,,97.9796,76.1057
80,0.3000,pacnav,0,True,1794.0000,0.9781,0.5745,0.9183,0.3645,7.0634,4.9892,0,1,128.2866,80.8374,0.2657,0.0010,False,,,4975.0000,,,97.9796,151.4888
80,0.3000,pacnav,1,True,1839.0000,0.9711,0.4951,0.9264,0.3508,6.7566,5.0000,0,0,146.0666,88.6885,0.6951,0.0008,False,,,4178.0000,,,97.9796,150.8743
80,0.3000,pacnav,2,True,1884.0000,0.9732,0.5530,0.9021,0.3546,7.1482,3.0072,0,33,131.7187,75.8185,0.2950,0.0004,False,,,1400.0000,,,97.9796,145.2105
80,0.3000,pacnav,3,True,1818.0000,0.9710,0.6036,0.9291,0.3551,7.6116,4.9906,0,0,112.7989,71.7416,0.2683,0.0000,False,,,7785.0000,,,97.9796,149.0904
80,0.3000,pacnav,4,False,1860.0000,0.9771,0.5556,0.9062,0.3609,6.8257,0.0380,7,63,142.7413,79.9729,0.5502,0.0001,False,,,2678.0000,,,97.9796,153.6285
